,title,journal_name,status,journal_type,write_date,update_date,visit,ack,pub_year,extras,all_authors
0,"J. M. Heo, K. R. Lee, D.-S. Kim, W. H. Kwon, &#34;Adaptive Channel State Routing for Home Network Systems using Power Line Communications&#34;, IEEE Trans. on Consumer Electronics (IF: 1.802, ISSN: 0098-3063), vol. 53, no. 4, pp. 1410-1418, 2007 (A)",,4,1,5/4/2007 10:16,1/4/2021 19:09,2132,\N,\N,\N,
1,"K.-J. Myung, J.-M. Lee, W.-H. Kwon, D.-S. Kim, &#34;Home Network Control Protocol for Home Network System&#34; IEEE Trans. on Consumer Electronics (IF: 1.802, ISSN: 0098-3063), vol. 52, no. 3, pp. 802-810, 2006 (A)",,4,1,5/4/2006 10:14,1/4/2021 18:55,2209,\N,\N,\N,
2,"D.-S. Kim, H.-J.Moon, W.-H.Kwon, Z. J. Haas, &#34;Efficient Computation for Evaluating Stochastic Petri Nets using Algebraic Operations&#34;, International Journal of Control, Automation and Systems (IF: 2.173, ISSN: 2005-4092), vol. 1, no. 4, pp. 431-443, 2003 (A)",,4,1,5/4/2003 10:09,1/4/2021 19:07,1485,\N,\N,\N,
3,"D.-S. Kim, D.-H. Choi, P. Mohapatra &#34;Real-Time Scheduling Method of Descrete Networked Control Systems&#34;, Control Engineering Practice (IF: 2.616, ISSN: 0967-0661), vol. 17, no. 5, pp. 564-570, 2009. (N2) (A)",,4,1,5/4/2009 10:18,1/4/2021 19:12,2226,\N,\N,\N,
4,"D.-H. Choi, D.-S. Kim, &#34;Wireless Fieldbus for Networked Control System using LR-WPAN&#34;, International Journal of Control, Automation, and Systems (IF: 2.173, ISSN: 2005-4092), vol. 6, no. 1, pp. 1-7, 2008 (A)",,4,1,5/4/2008 10:17,1/4/2021 19:10,2302,\N,\N,\N,
5,"S.-Y. Shin, H.-S. Park, D.-S. Kim, W.-H. Kwon &#34;Performance Analysis of Single Bluetooth Piconet in Error-Prone Environments&#34;, Journal of Communication and Networks (IF: 1.252, ISSN: 1976-5541), vol. 9, no. 3, pp. 229-235, 2007 (A)",,4,1,5/4/2007 10:15,1/4/2021 18:52,2177,\N,\N,\N,
6,"J. M. Heo, K. R. Lee, D.-S. Kim, W. H. Kwon, &#34;Adaptive Channel State Routing for Home Network Systems using Power Line Communications&#34;, IEEE Trans. on Consumer Electronics (IF: 1.802, ISSN: 0098-3063), vol. 53, no. 4, pp. 1410-1418, 2007 (A)",,4,1,5/4/2007 10:16,1/4/2021 19:09,2132,\N,\N,\N,
7,"K.-J. Myung, J.-M. Lee, W.-H. Kwon, D.-S. Kim, &#34;Home Network Control Protocol for Home Network System&#34; IEEE Trans. on Consumer Electronics (IF: 1.802, ISSN: 0098-3063), vol. 52, no. 3, pp. 802-810, 2006 (A)",,4,1,5/4/2006 10:14,1/4/2021 18:55,2209,\N,\N,\N,
8,"D.-S. Kim, H.-J.Moon, W.-H.Kwon, Z. J. Haas, &#34;Efficient Computation for Evaluating Stochastic Petri Nets using Algebraic Operations&#34;, International Journal of Control, Automation and Systems (IF: 2.173, ISSN: 2005-4092), vol. 1, no. 4, pp. 431-443, 2003 (A)",,4,1,5/4/2003 10:09,1/4/2021 19:07,1485,\N,\N,\N,
9,"D.-S. Kim, D.-H. Choi, P. Mohapatra &#34;Real-Time Scheduling Method of Descrete Networked Control Systems&#34;, Control Engineering Practice (IF: 2.616, ISSN: 0967-0661), vol. 17, no. 5, pp. 564-570, 2009. (N2) (A)",,4,1,5/4/2009 10:18,1/4/2021 19:12,2226,\N,\N,\N,
10,"D.-H. Choi, D.-S. Kim, &#34;Wireless Fieldbus for Networked Control System using LR-WPAN&#34;, International Journal of Control, Automation, and Systems (IF: 2.173, ISSN: 2005-4092), vol. 6, no. 1, pp. 1-7, 2008 (A)",,4,1,5/4/2008 10:17,1/4/2021 19:10,2302,\N,\N,\N,
11,"S.-Y. Shin, H.-S. Park, D.-S. Kim, W.-H. Kwon &#34;Performance Analysis of Single Bluetooth Piconet in Error-Prone Environments&#34;, Journal of Communication and Networks (IF: 1.252, ISSN: 1976-5541), vol. 9, no. 3, pp. 229-235, 2007 (A)",,4,1,5/4/2007 10:15,1/4/2021 18:52,2177,\N,\N,\N,
12,"S. Rizal and D.-S. Kim, &#34;Image Transmission in Military Network Using Bezier Curve&#34;, Journal of Advances in Computer Networks (ISSN: 1793-8244), vol. 3, no. 2, pp. 141-145, 2015 (A)",,4,1,5/4/2016 10:31,1/4/2021 19:23,1764,\N,\N,\N,
13,"S. Q. Hojiev, D.-S. Kim, &#34;Dynamic Load Balancing Algorithm Based on Users Immigration in Wireless LANs&#34;, Journal of Advances in Computer Networks (ISSN: 1793-8244), vol. 3, no. 2, pp. 114-118, 2015 (A)",,4,1,5/4/2016 10:30,1/4/2021 19:23,1585,\N,\N,\N,
14,"W. Yang, D.-S. Kim, &#34;Enhanced Network Recovery Scheme on Real-Time Switched Ethernet for Naval Combat System&#34;, International Journal of Communication Networks and Distributed Systems (ISSN: 1754-3924), vol.14, no. 2, pp. 145-163, 2015. (N1 & N2) (A)",,4,1,5/4/2016 10:31,1/4/2021 19:23,2262,\N,\N,\N,
15,"T. Nhon, D.-S. Kim, &#34;Real-Time Message Scheduling for ISA100.11a Networks&#34;, Computer Standards & Interfaces (IF: 1.465, ISSN: 0920-5489), vol. 37, pp. 73&#8211;79, 2015 (A)",,4,1,5/4/2016 10:31,1/4/2021 19:23,2301,\N,\N,\N,
16,"D. D. Tan, D.-S. Kim, &#34;Cooperative Transmission Scheme for Multi-hop Underwater Acoustic Sensor Network&#34;, International Journal of Communication Networks and Distributed Systems (ISSN: 1754-3924), vol. 14, no. 1, pp. 1-18, 2015 (A)",,4,1,5/4/2016 10:32,1/4/2021 19:24,9831,\N,\N,\N,
17,"H. A. Putra, D.-S. Kim, &#34;Node Discovery Scheme of DDS for Combat Management System&#34;, Computer Standards & Interfaces (IF: 1.465, ISSN: 0920-5489), vol. 37, pp. 20-28, 2015 (A)",,4,1,5/4/2016 10:31,1/4/2021 19:24,11378,\N,\N,\N,
18,"D.-S. Kim, Y.-S. Lee, W.-H. Kwon, &#34;Maximum Allowable Delay Bounds in Networked Control Systems&#34;, Control Engineering Practice (IF: 2.616. ISSN: 0967-0661), vol. 11, no. 11, pp. 1301-1313, 2003 (A)",,4,1,5/4/2003 10:11,1/4/2021 19:06,1471,\N,\N,\N,
19,"H.-S. Park, D.-S. Kim, W.-H. Kwon, &#34;A Scheduling Method for Network-based Control Systems&#34;, IEEE Trans. on Control System Technology (IF: 4.883, ISSN : 1558-0865), vol. 10, no. 3, pp. 318-330, 2002 (A)",,4,1,8/17/2002 17:23,1/4/2021 19:07,1564,\N,\N,\N,
20,"D.-S. Kim, Z. J. Haas, &#34;Virtual Factory Communication Systems Using ISO 9506 Standard and Its Application to Networked Factory Machine&#34;, The Industrial Communication Systems Handbook, CRC Press, FL, November, 2004 (A)",,4,1,5/4/2004 10:13,1/4/2021 18:55,2256,\N,\N,\N,
21,"D.-S. Kim, W.-H. Kwon, Z. J. Haas, &#34;Implementation of Virtual Factory Communication Systems using Manufacturing Message Specification,&#34; The Handbook of Industrial Information Technology, CRC Press, FL, June, 2004 (A)",,4,1,5/4/2004 10:12,1/4/2021 18:56,2293,\N,\N,\N,
22,"J.W.Jung, D.-S. Kim, &#34;Wireless Management System for Pet Dog using Wireless Sensor Network&#34;, Lecture Notes on Computer Science (LNCS) (ISBN: 978-3-540-37366-7), pp. 423-438, 2007 (A)",,4,1,5/4/2007 10:16,1/4/2021 19:09,2476,\N,\N,\N,
23,"D.-S. Kim, S.-Y. Shin, &#34;Wireless Pet-Dog Management System&#34;, Sensor Networks and Configuration (Fundamentals, Standards, Platforms, and Applications), (ISBN: 978-3-540-37366-7), pp. 423-348, 2007 (A)",,4,1,5/4/2007 10:15,1/4/2021 18:52,2251,\N,\N,\N,
24,"P. T. A. Quang, D.-S. Kim, &#34;Enhancing Real-Time Delivery of Gradient Routing for Industrial Wireless Sensor Networks&#34;, IEEE Trans. on Industrial Informatics (IF: 5.430, ISSN: 1551-3203), vol. 8, no. 1, pp. 61-68, 2012 (A)",,4,1,5/4/2016 10:20,1/4/2021 19:11,2224,\N,\N,\N,
25,"J.-H. Lee, D.-S. Kim, S.-Y. Shin &#34;ELBA: A New Efficient Load-Balancing Association in IEEE 802.15.4-Based Wireless Sensor Networks&#34;, IEICE Trans. on Communications (IF: 1.090, ISSN: 1745-1345), vol. 95, no.5, pp. 1830-1833, 2012 (A)",,4,1,5/4/2016 10:20,1/4/2021 19:11,2606,\N,\N,\N,
26,"H. Q. Sardor, T. Y. Choe, &#34;Two-Level Dynamic Load Balancing Algorithm Using Load Thresholds and Pairwise Immigration&#34;, International Journal on Computer Science and Engineering (ISSN: 0975-3397), vol. 5, no. 3, pp. 211-220, 2013 (A)",,4,1,5/4/2016 10:23,1/4/2021 19:36,5418,\N,\N,\N,
27,"D. D. Tan, N. Q. Dinh, D.-S. Kim, &#34;GRATA: A Gradient-based Traffic-Aware Routing for Wireless Sensor Networks&#34;, IET Wireless Sensor Systems (ISSN: 2043-6394), vol. 3, no. 2, pp. 75-85, 2013. (N2) (A)",,4,1,5/4/2016 10:23,1/4/2021 19:36,2271,\N,\N,\N,
28,"A. Prasetiadi, D.-S. Kim, &#34;Faulty Node Detection in Distributed Systems Using BCH Code&#34;, IEEE Communications Letter (IF:2.723, ISSN:1089-7798), vol. 17, no. 3, pp. 620-623, 2013. (N1) (A)",,4,1,5/4/2016 10:22,1/4/2021 19:36,2289,\N,\N,\N,
29,"D. A. Nugroho, D.-S. Kim, &#34;Precoded DCT and Low Complexity SLM for PAPR Reduction in OFDM Systems&#34;, International Journal of Engineering and Industries (ISSN: 2093-5765), vol. 4, no. 4, pp. 43-49, 2013. (N1 & N2) (A)",,4,1,5/4/2016 10:22,1/4/2021 19:37,1949,\N,\N,\N,
30,"W. Yang, D.-S. Kim, &#34;A Synchronization Method for Industrial Wireless Network Inspired from Insects&#34;, International Journal of Engineering and Industries (ISSN : 2233-9418), vol. 4, no. 4, pp. 50-57, 2013. (N1 & N2) (A)",,4,1,5/4/2016 10:21,1/4/2021 19:37,2290,\N,\N,\N,
31,"D. D. Tan, D.-S. Kim, &#34;Dynamic Traffic-Aware Routing Algorithm for Multi-Sink Wireless Sensor Networks&#34;, Wireless Networks (IF: 1.981, ISSN: 1572-8196), vol. 20, no. 6, pp. 1239-1250, 2014 (A)",,4,1,5/4/2016 10:25,1/4/2021 19:34,2548,\N,\N,\N,
32,"S.-W. Kim, W. Yang, D.-S. Kim, &#34;Bi-Directional Spring Damper Impedance for Path Control Scheme of Swarm Robot Systems&#34;, International Journal of Mechatronics and Manufacturing Systems (ISSN:1753-1047), vol. 7, no. 1, pp.1 - 20, 2014. (N1 & N2) (A)",,4,1,5/4/2016 10:25,1/4/2021 19:34,7670,\N,\N,\N,
33,"T. T. Le, D.-S. Kim, &#34;An Efficient Throughput Improvement through Bandwidth Awareness in Cognitive Radio Networks&#34;, Journal of Communications and Networks (IF: 1.252, ISSN: 1976-5541), vol. 16, no. 2, pp.146-154, 2014 (A)",,4,1,5/4/2016 10:25,1/4/2021 19:34,2554,\N,\N,\N,
34,"T.-L. Pham, D.-S. Kim, &#34;Routing Protocol Over Lossy Links for ISA100.11a Industrial Wireless Sensor Networks&#34;, Wireless Networks (IF: 1.981, ISSN: 1572-8196), vol. 20, no. 8, pp. 2359&#8211;2370, 2014 (A)",,4,1,5/4/2016 10:24,1/4/2021 19:34,2605,\N,\N,\N,
35,"T. M. Phuong, D.-S. Kim, &#34;Efficient Power Control Scheme for Cognitive Industrial Sensor Networks&#34;, International Journal of Control and Automation (ISSN: 2005-4297), vol. 7, no. 3, pp. 177-188, 2014. (N1) (A)",,4,1,5/4/2016 10:24,1/4/2021 19:35,2679,\N,\N,\N,
36,"T. Nhon, D.-S. Kim, &#34;Relay Selection Scheme for Hierarchical Wireless Sensor Networks&#34;, International Journal of Control and Automation (ISSN: 2005-4297), vol. 7, no. 3, pp. 147-160, 2014. (N1) (A)",,4,1,5/4/2016 10:24,1/4/2021 19:35,2496,\N,\N,\N,
37,"P. T. A. Quang, D.-S. Kim, &#34;Throughput-Aware Routing for Industrial Sensor Networks: Application to ISA100.11a&#34;, IEEE Trans. on Industrial Informatics (IF: 5.430, ISSN: 1551-3203), vol. 10, no. 1, pp. 351-363, 2014 (A)",,4,1,5/4/2016 10:24,1/4/2021 19:35,2466,\N,\N,\N,
38,"D.-S. Kim, J.-M. Lee, W.-H. Kwon, I.-K. Yuh, &#34;Design and Implementation of Home Network System using UPnP middleware for Networked Appliances&#34;, IEEE Trans. on Consumer Electronics (IF: 1.802, ISSN: 0098-3063), vol. 48, no. 4, pp. 963-972, 2002 (A)",,4,1,8/17/2002 17:23,1/4/2021 19:08,1575,\N,\N,\N,
39,"D.-S. Kim, J. Jeon, P. Mohapatra, &#34;Scheduling of Wireless Control Networks based on IEEE 802.15.4: Mixed Traffic Environment&#34;, Control Engineering Practice (IF: 2.616. ISSN: 0967-0661), vol. 19, pp. 1223-1230, 2011 (A)",,4,1,5/4/2016 10:18,1/4/2021 19:12,1992,\N,\N,\N,
40,"M. Rizal Khaefi, D.-S. Kim, &#34;DDS Node Discovery Scheme with Dynamic Bloom Filters&#34;, Journal of Parallel and Distributed Computing (IF: 1.815, ISSN: 0743-7315), 2015. (N1 & N2)",,2,1,7/8/2016 20:46,7/12/2019 17:01,5575,\N,\N,\N,
41,"N. B. Long, T. Nhon, D.-S. Kim, &#34;Rate-Estimation Based Relay Selection Scheme for Large-Scale Wireless Networks&#34;, IET Communications (IF: 1.443, ISSN: 1751-8628), vol. 10, no. 12, pp. 1501-1507, 2016 (A)",,4,1,5/4/2016 22:25,1/4/2021 19:24,6659,\N,\N,\N,
42,"Minh-Phuong Tran, Dong-Seong Kim, &#34;Renewal Process Based Energy-Aware Routing Algorithm for Cognitive Industrial Sensor Networks&#34;, IEEE Trans. on Industrial Informatics, (IF: 5.430, ISSN: 1551-3203), 2015. (N1 & N2) (Pr)",,1,1,7/8/2016 20:53,7/12/2019 16:40,2468,\N,\N,\N,
43,"Minh-Phuong Tran, D.-S. Kim, &#34;Distributed Spectrum Handoff and Power Allocation Scheme for Cognitive UWB Industrial Networks&#34;, IEEE Trans. on Industrial Informatics (IF: 5.430, ISSN: 1551-3203), 2015. (N1 & N2) (Pr)",,1,1,7/8/2016 20:56,5/4/2019 18:26,2535,\N,\N,\N,
44,"T.-L. Pham, D.-S. Kim, &#34;Efficient Forwarding Protocol for Dual-Hop Relaying Wireless Networks&#34;, Wireless Personal Communications (IF: 1.200, ISSN: 1572-8196), vol. 89, issue 1, pp. 165-180, 2016. (N1 & N2) (A)",,4,1,8/9/2016 10:18,1/4/2021 19:26,2478,\N,\N,\N,
45,"Minh-Phuong Tran, Anh-Minh Le and Dong-Seong Kim, &#34;Adaptive Spectrum Handoff Scheme for Cognitive Ad Hoc Networks&#34;, Wireless Personal Communications, (IF: 1.200, ISSN: 0929-6212), 2015. (N1 & N2)(S)",,2,1,7/8/2016 21:10,7/12/2019 17:04,2663,\N,\N,\N,
46,"Y. Wei, D.-S. Kim, &#34;RER: Reliable and Energy-efficient Routing Protocol for Underwater Acoustic Sensor Networks&#34;, IEEE Journal of Oceanic Engineering (IF:2.065, ISSN:0364-9059), 2015. (N1 & N2) (S)",,4,1,5/5/2016 21:21,5/4/2019 18:24,4259,\N,\N,\N,
47,"D.-S. Kim, S.-K. Lee, &#34;Feasibility Analysis of Hybrid Control network based on Common Industrial Protocol&#34;, Computer Standards & Interfaces (IF: 1.465, ISSN: 0920-5489), vol. 33. no. 4, pp. 357-366, 2011 (A)",,4,1,5/4/2016 10:19,1/4/2021 19:11,2022,\N,\N,\N,
48,"N. Q. Dinh, D.-S. Kim, &#34;Performance Evaluation of Priority CSMA-CA Mechanism on ISA100.11a Wireless Network,&#34; Computer Standards & Interfaces (IF: 1.465, ISSN: 0920-5489), vol. 34, no. 1, pp. 117-123, 2012 (A)",,4,1,5/4/2016 10:20,1/4/2021 19:38,2251,\N,\N,\N,
49,"D.-S. Kim, K.-Y. Cho, W.-H. Kwon, Y.-I. Kwan, Y.-H.Kim, &#34;Home Network Message Specification of White Goods and Its Application&#34;, IEEE Trans. on Consumer Electronics (IF: 1.802, ISSN: 0098-3063), vol. 48, no. 1, pp. 1-10, 2002 (A)",,4,1,8/17/2002 17:23,1/4/2021 18:09,1775,\N,\N,\N,
50,"T. D. Hoa, D.-S. Kim, &#34;Data Forwarding Algorithm over Lossy Links in Wireless Sensor Networks&#34;, IEICE Communications Express (ISSN: 2187-0136), vol. 2, no. 10, pp. 453-458, 2013 (A)",,4,1,5/4/2016 10:22,1/4/2021 19:36,5007,\N,\N,\N,
51,"D. A. Nugroho, S. Rizal, D.-S. Kim, &#34;Reconstruct Unrecoverable Data in Real-Time Networks Using Bezier Curve&#34;, IET Communications (IF: 1.443, ISSN: 1751-8628), vol. 9, no. 5, pp. 596 - 602, 2015. (N1 & N2) (A)",,4,1,5/4/2016 10:28,1/4/2021 19:33,1684,\N,\N,\N,
52,"T.-T. Ngo, T. Huynh-The, D.-S. Kim, &#34;A Novel VANETs-based Traffic Light Scheduling Scheme for Greener Planet and Safer Road Intersections&#34;, IEEE Access (ISSN: 2169-3536), vol. 7, pp. 22175-22185, 2019 (A)",,4,1,3/12/2019 20:57,1/4/2021 17:55,1128,\N,\N,\N,
53,"D.-S. Kim, W.-H.Kwon, H.-S. Park , &#34;Geometric Kinematics and Application to Mobile Robot&#34;, International Journal of Control, Automation and Systems (IF: 2.173, ISSN: 2005-4092), vol. 1, no. 3, pp. 376-384, 2003 (A)",,4,1,5/4/2003 10:11,1/4/2021 19:04,4471,\N,\N,\N,
54,"D. D. Tan, D.-S. Kim &#34;Interference-Aware Relay Assignment Scheme for Multi-Hop Wireless Networks for Wireless Networks&#34;, Wireless Networks (IF: 1.981, ISSN: 1570-8705), vol. 21, no. 7, pp. 2195-2207, 2015. (N1 & N2) (A)",,4,1,5/4/2016 10:30,1/4/2021 19:22,1640,\N,\N,\N,
55,"P. T. A. Quang, D.-S. Kim, &#34;Clustering Algorithm of Hierarchical Structures in Large-scale Wireless Sensor and Actuators Networks&#34;, Journal of Communications and Networks (IF: 1.252, ISSN: 1976-5541), vol. 17, no. 5, pp. 473 - 481, 2015 (A)",,4,1,5/4/2016 10:28,1/4/2021 19:32,1632,\N,\N,\N,
56,"D. A. Nugroho, A. Prasetiadi, and D.-S. Kim, &#34;Male-Silkmoth-Inspired Routing Algorithm for Large-Scale Wireless Mesh Networks&#34;, Journal of Communications and Networks (IF: 1.252, ISSN: 1976-5541), vol. 17, no. 4, pp. 384 - 393, 2015 (A)",,4,1,5/4/2016 10:27,1/4/2021 19:33,2028,\N,\N,\N,
57,"Iyoga Don Frima Tarigan and Dong-Seong Kim, &#34;Performance Analysis of Cluster Server based on Storage Area Network (SAN)&#34;, Jurnal Teknologi (ISSN: 0127-9696), pp. 85-88,  2015 (A)",,4,1,5/4/2016 10:27,1/4/2021 19:33,1583,\N,\N,\N,
58,"Syamsul Rizal and Dong-Seong Kim, &#34;Bandwidth Adaptation Scheme of Audio/Video Bridging Protocol for Industrial Networks&#34;, Jurnal Teknologi (ISSN: 0127-9696), 2015 (A)",,4,1,5/4/2016 10:28,1/4/2021 19:32,1617,\N,\N,\N,
59,"Tung Thanh Le, Thu Pham, D.-S. Kim, &#34;BEE: Bee-Inspired Algorithm for Zone Radius Determination in Independent Zone Routing Protocol for Mobile Ad Hoc Networks&#34;, Jurnal Teknologi (ISSN:2180-3722), 2015. (N1 & N2) (S)",,4,1,5/5/2016 21:22,5/4/2019 18:24,2360,\N,\N,\N,
60,"G. W. Adhane, D.-S. Kim, &#34;Distributed Control System for Ship Engines Using Dual Fieldbus&#34;, Computer Standards & Interfaces, (IF: 1.465, ISSN: 0920-5489), vol. 50, pp. 83-91, 2017. (N1 & N2) (A)",,4,1,1/4/2017 18:03,1/4/2021 19:27,2655,\N,\N,\N,
61,"H.-H. Choi, D.-J. Min and D.-S. Kim, &#34;Design and Implementation of Intelligent Parking Guidance System based on Internet of Things (IoT)&#34;, International Journal of Advances in Computer Science & Its Applications (ISSN 2250-3765), vol. 6 no. 2, pp. 87-90, 2016. (N1) (A)",,1,1,11/16/2016 14:02,1/4/2021 19:26,2194,\N,\N,\N,
62,"J.-H. Cha, S.-H. Kim, J.-Y. Im, and D.-S. Kim, &#34;Asymmetric Time Division Multiple Access Method for Tactical Radio Communication&#34;, International Journal of Advances in Computer Networks and Its Security (ISSN : 2250-3757), vol. 6 no. 2, 2016. (N1) (A)",,1,1,11/16/2016 14:06,1/4/2021 19:27,2214,\N,\N,\N,
63,"H.-M. Lee, S.-H. Kim, J.-H. Cha and D.-S. Kim, &#34;MMS over MQTT Protocol for Industrial IoT Platform&#34;, International Journal of Advances in Computer Science & Its Applications (ISSN: 2250-3765), vol. 6 no. 2, pp. 91-93, 2016. (N1) (A)",,4,1,11/16/2016 14:08,1/4/2021 19:27,2287,\N,\N,\N,
64,"Dong-Seong Kim, Syamsul Rizal, and I.-T. Park, &#34;Fault Detection System using Smart Networked Proximity Sensors for Ship Engine&#34;, IEEE Transactions on Industrial Electronics, (IF: 7.050, ISSN: 0278-0046), 2018. (N1&N2) (Pr)",,\N,1,11/20/2016 11:44,5/4/2019 20:19,2469,\N,\N,\N,
65,"P. T. M. Thu, N. T. Tien, and D.-S. Kim, &#34;Geographical Awareness Hybrid Routing Protocol in Mobile Ad Hoc Networks&#34;, Wireless Networks (IF: 1.981, ISSN: 1572-8196), vol. 23, no. 1, pp. 1-13, 2017. (N1 & N2) (A)",,4,1,2/1/2017 15:24,1/4/2021 19:29,2064,\N,\N,\N,
66,"N. B. Long and D.-S. Kim, &#34;TDMA-Based Efficient Cooperative Relaying Selection Scheme in Multi-hop Wireless Networks&#34;, Computer Standards & Interfaces (IF: 1.465, ISSN: 0920-5489), vol. 53, pp. 39-47, 2017. (N1 & N2) (A)",,4,1,2/27/2017 11:22,1/4/2021 19:29,2036,\N,\N,\N,
67,"N. T. Tuan, D.-S. Kim, and J.-M. Lee, &#34;On the Performance of Cooperative Transmission Schemes in Industrial Wireless Sensor Networks&#34;, IEEE Transactions on Industrial Informatics (IF: 5.430, ISSN: 1551-3203), vol. 14, no. 9, pp. 4007-4018, 2018. (N1 & N2)",,4,1,3/14/2017 14:48,4/1/2022 15:22,2355,\N,\N,\N,
68,"Sang-Hyun Hwang and Dong-Seong Kim, &#34;Design and Performance Analysis of Hybrid Helmet Pose Tracking System using Adaptive Complementary Filter&#34;, IEEE Transanction on Industrial Electronics (IF: 7.050, ISSN: 0278-0046), 2017. (Pr)",,\N,1,7/23/2017 21:58,5/4/2019 20:19,1956,\N,\N,\N,
69,"Seung-Han Kim and Dong-Seong Kim, &#34;Smart Platform based Log Data Gathering and Analysis Tool for Naval Combat System&#34;, Defence Science Journal (IF: 0.510, ISSN: 0011-748X), 2017. (S)",,2,1,10/12/2017 20:53,5/4/2019 20:24,1928,\N,\N,\N,
70,"A. Jalal, S. Kamal and D.-S. Kim, &#34;Detecting Complex 3D Human Motions with Body Model Low-Rank Representation for Real-Time Smart Activity Monitoring System&#34;, KSII Transactions on Internet and Information Systems  (IF : 0.611, ISSN : 1976-7277), vol. 12, no. 3, pp. 1189-1204, 2018 (A)",,4,1,11/13/2017 23:21,1/4/2021 19:30,1840,\N,\N,\N,
71,"N. B. Long, H. Tran-Dang and D.-S. Kim, &#34;Energy-Aware Real-Time Routing for Large-Scale Industrial Internet of Things&#34;, IEEE Internet of Things Journal (IF: 5.863, ISSN 2327-4662), vol. 5, no. 3, pp. 2190-2199, 2018 (A)",,4,1,12/5/2017 22:21,1/4/2021 19:30,2297,\N,\N,\N,
72,"H. Tran-Dang and D.-S. Kim, &#34;Efficient Bandwidth-Aware Routing for Underwater Cognitive Acoustic Sensor Networks&#34;, IET Wireless Sensor Systems (ISSN: 2043-6394), vol. 9, no. 2, pp. 77-84, 2019 (A)",,4,1,12/5/2017 22:23,1/4/2021 19:30,1966,\N,\N,\N,
73,"H. Tran-Dang and D.-S. Kim, &#34;An Information Framework for Internet of Things in Physical Internet&#34;, IEEE Access (IF: 3.557, ISSN: 2169-3536), vol. 6, pp. 43967-43977, 2018 (A)",,4,1,1/17/2018 21:50,1/4/2021 19:31,1878,\N,\N,\N,
74,"W. P. Nwadiugwu, D.-S. Kim and J.-M. Lee, &#34;Real-Time Energy-Efficient Deployment of Mobile Sensors in Disaster-Prone Locations&#34;, International Journal of Communication Networks and Distributed Systems, Vol. 23, No. 3, pp. 307 - 327, Feb 2019. (IF: 0.21) (N1 & N2)",,4,1,2/2/2018 19:10,5/24/2021 12:35,4496,\N,\N,\N,
75,"C. B. Moon, B. M. Kim, and D.-S. Kim, &#34;Real-time Parallel Image-processing Scheme for a Fire-control System&#34;, IEIE Transactions on Smart Processing and Computing, (ISSN : 2287-5255), vol. 8, no. 1, pp. 27-35, 2019 (A)",,4,1,2/21/2019 15:02,1/4/2021 17:56,1110,\N,\N,\N,
76,"Jae-Woo Kim, Dong-Seong Kim, Seung-Hwan, Sang-Moon Shin &#34;Design and implementation scheme of QSFP28 optical transceiver for long-rich transmission using PAM4 modulation&#34;, Optics Express, 2020 (S)",,\N,1,7/27/2020 9:30,\N,781,\N,\N,\N,
77,"A. A. Pranata, T.-S. Jun, and D.-S. Kim, &#34;Overhead Reduction Scheme for SDN-based Data Center Networks&#34;, Computer Standards & Interfaces (IF: 1.465, ISSN: 0920-5489), vol. 63, pp. 1-15, 2018 (A)",,4,1,2/13/2018 11:57,1/4/2021 18:07,1778,\N,\N,\N,
78,"J. H. Cha and D.-S. Kim, &#34;Design and Implementation of Real-Time Monitoring Tool for Data Distribution Service&#34;, IEIE Transactions on Smart Processing & Computing (ISSN: 2287-5255), vol. 7, no. 4, pp. 264-270, 2018. (N1 & N2) (A)",,4,1,3/21/2018 15:26,1/4/2021 18:06,3809,\N,\N,\N,
79,"D.-H. Kim, H.-Y. Lee, and D.-S. Kim, &#34;Enhanced Industrial Message Protocol for Real-time IoT Platform&#34;, IEIE Transactions on Smart Processing & Computing(IEIE SPC), (ISSN: 2287-5255), vol. 7, no. 5, pp. 378-384, 2018. (N2 & N4) (A)",,4,1,3/21/2018 15:33,1/4/2021 18:05,1661,\N,\N,\N,
80,"S.-H. Kim, D.-H. Kim, and D.-S. Kim, &#34;Design of Smart Platform-based Event-Log Analysis and Parameter-modifying Software for Naval Combat Systems&#34;, IEIE Transactions on Smart Processing & Computing(IEIE SPC), (ISSN: 2287-5255), vol. 7, no. 5, pp. 385-391, 2018. (N4 & N8) (A)",,4,1,3/21/2018 15:34,1/4/2021 18:05,2992,\N,\N,\N,
81,"T. Huynh-The, C.-H. Hua, N. A. Tu, D.-S. Kim, &#34;Locally Statistical Dual-Mode Background Subtraction Approach&#34;, IEEE Access (ISSN: 2169-3536), vol. 7, pp. 9769-9782, 2019",,4,1,9/20/2018 21:11,5/23/2021 16:04,1616,\N,\N,\N,
82,"H. Tran-Dang, D.-S. Kim: &#34;Channel-Aware Cooperative Routing in Underwater Acoustic Sensor Networks&#34;, Journal of Communications and Networks (IF: 1.252, ISSN: 1229-2370), vol. 51, no. 1, 2019 (A)",,4,1,6/22/2018 18:11,1/4/2021 18:05,2091,\N,\N,\N,
83,"R. R. Ginanjar, D.-S. Kim, and C.-B. Moon, &#34;High-capacity and Transparent Digital Audio Watermarking using Rounding Reduced-arc MPSK and a Genetic Algorithm&#34;, IEIE Smart Processing and Computing  (IF: 0.39, ISSN: 2287-5255), vol. 8, no. 1, pp. 48-58, Feb 2019 (A)",,4,1,4/1/2019 14:22,1/4/2021 17:54,1039,\N,\N,\N,
84,"A. Jalal, S. Kamal and Dong-Seong Kim, &#34;Detecting Complex 3D Human Motions with Body Model Low-Rank Representation for Real-Time Smart Activity Monitoring System&#34;, KSII Transactions on Internet and Information Systems, (ISSN : 1976-7277), vol. 12, no. 3, pp. 1189-1204, 2018 (A)",,4,1,9/25/2018 21:56,1/4/2021 18:04,1723,\N,\N,\N,
85,"T. Huynh The, C.-H. Hua, and D.-S. Kim, &#34;Encoding Pose Features to Image with Data Augmentation for 3D Action Recognition&#34;, IEEE Transactions on Industrial Informatics (SCI, IF: 5.43), 10.1109/TII.2019.2910876, 2019 (A)",,4,1,4/11/2019 15:28,1/4/2021 17:54,1144,\N,\N,\N,
86,"Seung-Hwan Kim, Jae-Woo Kim, Dong-Seong Kim, &#34;Performance Analysis of Beamforming and Cooperative Schemes with NLoS for Wireless Sensor Network in Aircraft&#34;, Computer Standards & Interfaces, 2018 (in Revision)",,2,1,12/27/2018 16:15,6/29/2019 15:00,1526,\N,\N,\N,
87,"W. Nwadiugwu, J. Lee and D.-S. Kim, &#34;Novel MA-VFBC Based Deployment of Obstacle-Avoiding Scattered Sensors for Region-of-Interest Incidence Monitoring,&#34; IEEE Access, Vol. 8, pp. 3065-3075, 2020. (IF: 3.745)",,4,1,1/22/2019 16:32,5/24/2021 12:41,1128,\N,\N,\N,
88,"Dong-Seong Kim and Jae-Min Lee, &#34;Creative Thingking and Project based Class Management at ICT Convergence Research Center&#34;, IEEE Transaction on Education, 2019. (Pr)",,1,1,1/22/2019 16:40,6/5/2019 15:40,1239,\N,\N,\N,
89,"Hoa Tran-Dang, Dong-Seong Kim: &#34;Link delay and Channel Aware Routing protocols for Cognitive Sensor Networks&#34;,  IET Communications, Vol. 14, no. 20, pp. 3639 &#8211;3651,  December 2020,",,4,1,9/8/2020 11:32,5/24/2021 10:43,4197,\N,\N,\N,
90,"H. Tran-Dang, D.-S. Kim &#34;Channel-Aware and Energy Efficient Two-Hop Cooperative Routing in Underwater Acoustic Sensor Networks&#34;, IEEE Access (IF: 3.57, ISSN: 2169-3536), vol. 7,  pp. 63181 - 63194, 2019 (A)",,4,1,4/4/2019 14:58,1/4/2021 17:54,1087,\N,\N,\N,
91,"Muhammad Rusyadi Ramli, Dong-Seong Kim, Jae Min Lee, &#34;Hybrid MAC Protocol for UAV-Assisted Wireless Sensor Networks&#34;, Internet of Things,  2019",,4,1,2/21/2019 1:37,5/24/2021 18:42,1001,\N,\N,\N,
92,"Trung-Thanh Ngo, Abdukhakimov Asatilla and Dong-Seong Kim, &#34;Long-range Wireless Tethering Selfie Camera System using Wireless Sensor Network&#34;,  IEEE Access, Vol.7, pp. 108742 - 108749, August 2019",,4,1,2/20/2019 22:21,5/24/2021 18:39,1100,\N,\N,\N,
93,"Nita Hidayati, Rizki Rivai Ginanjar, Ade Pitra Hermawan, Jae-Min Lee, Dong-Seong Kim, &#34;Real-Time Embedded data anomaly framework using online machine learning scheme,&#34; ICT Express Journal (S)",,\N,1,6/5/2020 12:27,6/8/2020 14:21,687,\N,\N,\N,
94,"Nita Hidayati, Riski Rivai Ginanjar, Jae-Min Lee and Dong-Seong Kim, &#34;Faulty Node Detection Scheme for WirelessHART using n-Bits BCH Code&#34;, ETRI Journal, 2019. (S)",,1,1,3/13/2019 14:25,12/20/2019 15:20,1247,\N,\N,\N,
95,"A. Abdukhakimov, S. Bhardwaj, G. Gashema, and D.-S. Kim, &#34;Reliability Analysis in Smart Grid Networks Considering Distributed Energy Resources and Storage Devices&#34;, International Journal of Electrical and Electronic Engineering & Telecommunications, Vol. 8, No. 5,  pp.233-237, Sept. 2019 (A)",,4,1,3/25/2019 12:08,1/4/2021 17:55,1165,\N,\N,\N,
96,"Sang-Hyun Hwang and Dong-Seong Kim, &#34;Hybrid Helmet Pose Tracking System using Adaptive Complementary Filter&#34;, Measurement (IF: 3.7), Vol.146, pp. 186-194,  2019 (A)",,4,1,4/13/2019 17:40,4/30/2021 10:27,1799,\N,\N,\N,
97,"G. Gashema, D.-S. Kim, and J.-M. Lee &#34;Spectral Efficiency Improvement Based on Small Cells Deployments towards 5G Communication Technologies &#34; IEIE Transactions on Smart Processing & Computing, vol. 8, no. 2, pp. 126-135, 2019 (A)",,4,1,5/2/2019 11:31,1/4/2021 17:53,1576,\N,\N,\N,
98,"Jae-Woo Kim, Dong-Seong Kim, Seung-Hwan Kim and Sang-Moon Shin &#34;The Firmware Design and Implementation Scheme for C Form-Factor Pluggable Optical Transceiver &#34;,  Applied Sciences,  Vol. 10, no.  6. 2143, March 2020",,4,1,3/18/2020 14:56,5/24/2021 10:37,810,\N,\N,\N,
99,"Hoa Tran-Dang, Nicolass Krommenacker, Patrick Charpentier, Dong-Seong Kim: &#34; The Internet of Things for Logistics:oT for Logistics: Perspective, Application Review and Challenges&#34;, IETE Technical Review, DOI: 10.1080/02564602.2020.1827308, (IF:1.88)",,4,1,9/20/2020 14:35,5/24/2021 10:54,623,\N,\N,\N,
100,"Heidy Indrayani, Ade Pitra Hermawan, Sanjay Bhardwaj Rizki Rivai Ginanjar, Dong-Seong Kim and Jae-Min Lee, &#34;Split Super-resolution for CSI Reconstruction using Transfer Learning in MIMO System&#34;, ICT Express Journal (P)",,\N,1,9/19/2020 22:51,12/28/2020 15:46,1275,\N,\N,\N,
101,"S. H. Kim, J. W. Kim, V. S. Doan and D. S. Kim: &#34;Lightweight Deep Learning Model for Automatic Modulation Classification in Cognitive Radio Networks&#34;, IEEE Access, vol. 8, pp. 197532 - 197541, Oct. 2020. IF: 3.745,",,4,1,9/23/2020 15:00,5/24/2021 18:36,746,\N,\N,\N,
102,"T. Huynh-The, C.-H. Hua, T.-T. Ngo, and D.-S. Kim, &#34;Image Representation of Pose-Transition Feature for 3D Skeleton-Based Action Recognition&#34;, Information Sciences (SCI, IF: 5.52), Vol. 513, pp. 112-126, March 2020 (A)",,4,1,10/26/2019 13:51,1/4/2021 17:50,1115,\N,\N,\N,
103,"T. Huynh-The, C.-H. Hua, N. A. Tu, D.-S. Kim, &#34;Learning 3D Spatiotemporal Pose Feature by Deep-CNN for Person Identification,&#34; will be published Neurocomputing ( IF:4.072), 2020.",,4,1,7/16/2019 22:05,4/30/2021 10:25,1170,\N,\N,\N,
104,"J.-H. Cha and D.-S. Kim, &#34;Light-weighted DDS for Industrial IoT base Edge Computing&#34;, Industrial Informatics, 2020 (Pr)",,\N,1,2/6/2020 16:55,2/7/2020 18:35,788,\N,\N,\N,
105,"Sanjay Bhardwaj and Dong-Seong Kim,&#34;Priority-Aware Two-Phase MAC Scheduling for Ultra-Reliable Low-Latency Communications in IEEE 802.11ax-Based Industrial Wireless Networks&#34;, wireless personal Communication, 2020. (S)",,\N,1,12/28/2019 16:32,5/6/2020 15:54,731,\N,\N,\N,
106,"Riesa Krisna Astuti Sakir, Muhammad Rusyadi Ramli, and Doeng-Song Kim, &#34;Deep Reinforcement Learning for Traffic Signal Optimization in Edge-based Traffic Control System&#34;, ELSEVIER Computers and Electrical Engineering, 2019 (In revision)",,3,1,9/20/2019 14:01,12/26/2019 22:53,2075,\N,\N,\N,
107,"Seung-Hwan Kim, Jae-Woo Kim, Williams-Paul Nwadiugwu and Dong-Seong Kim, &#34;Deep Learning-based Robust Automatic Modulation Classification for Cognitive Radio Networks&#34;, IEEE Wireless Communications Letters, (IF: 4.660), 2020. (R)",,2,1,12/24/2020 10:35,5/6/2021 10:06,569,\N,\N,\N,
108,"V. S. Doan, H. T. Dang, D. S. Kim: &#34;A Survey on Direction of Arrival Estimation Methods for Internet of Battlefield Things&#34;, IEEE Internet of Things Journal (IF: 9.5, Pr)",,1,1,10/1/2019 18:01,\N,1154,\N,\N,\N,
109,"V. S. Doan and D. S. Kim, &#34;DOA Estimation of Multiple Non-coherent and coherent Signals Using Element Transposition of Covariance Matrix&#34;, ICT Express, vol. 6, no. 2, pp. 67-75, June 2020. DOI : doi.org/10.1016/j.icte.2020.03.008",,4,1,11/11/2019 16:45,5/24/2021 10:09,1043,\N,\N,\N,
110,"A. P. Hermawan, R. R. Ginanjar, D. S. Kim, and J. M. Lee, &#34;CNN-based Automatic Modulation Classification for Beyond 5G Communications&#34;, IEEE Communications Letters, Vol. 24 , no.  5, pp. 1038-1041,  May 2020.",,4,1,1/13/2020 1:11,5/24/2021 10:30,939,\N,\N,\N,
111,"Shaharyar Kamal, Dong-Seong Kim, et. al., &#34;A Smart Surveillance system for People Counting and Tracking using Particle Flow and Modified SOM&#34;, Sustainability, Vol.13, No.10, pp. 5348 - 5367, May 2021. DOI : 10.3390/su13105367",,4,1,5/11/2021 8:58,9/14/2021 15:31,543,\N,\N,\N,
112,"Gaspard  Gashema, Jae-Min Lee, Dong-Seong Kim”Efficient-spectrum management based on localisation of primary user position towards 5G”,IET Communication. DOI:  10.1049/iet-com.2020.0284",,\N,1,12/31/2020 17:17,1/4/2021 22:18,833,\N,\N,\N,
113,"&#34;Gaspard Gashema and Dong-Seong Kim&#34; Throughput Enhancement under Full-Duplex with SI-Suppression in 5G Cognitive Radio Networks, wireless personal communication, 2020 (S)",,\N,1,1/14/2020 19:25,7/28/2020 15:05,735,\N,\N,\N,
114,"Thien Huynh-The, Cam-Hao Hua, Quoc-Viet Pham, Dong-Seong Kim, &#34;MCNet: An Efficient CNN Architecture for Robust Automatic Modulation Classification&#34;, IEEE Communication Letters, vol. 24, no. 4, pp. 811-815, April 2020",,4,1,1/17/2020 8:58,5/24/2021 10:22,893,\N,\N,\N,
115,"Kevin Putra Dirgantoro, Williams Paul Nwadiugwu, Jae Min Lee, and Dong-Seong Kim, &#34;Dual Fieldbus Industrial IoT Networks using Edge Server Architecture&#34;, Elsevier Manufacturing Letters, Vol. 24, pp. 108-112, April 2020. (IF: 1.07)",,4,1,1/17/2020 14:34,5/24/2021 12:43,857,\N,\N,\N,
116,"Rizki Rivai Ginanjar, Ade Pitra Hermawan, Jae-Min Lee, and Dong-Seong. Kim, &#34;UAV-Based Sensor Nodes Localization Scheme utilizing Shallow Neural Network&#34;, IEEE Transactions on Industrial Informatics, 2020. (R)",,\N,1,2/2/2020 7:39,11/11/2020 15:50,819,\N,\N,\N,
117,"Hoa Tran-Dang, Nicolass Krommenacker, Patrick Charpentier, Dong-Seong Kim,  &#34; Towards IoT for Physical Internet: Perspective and Challenges&#34;, IEEE Internet of things journal, DOI: 10.1109/JIOT.2020.2971736, (Q1, IF: 9.5) (A)",,\N,1,2/2/2020 14:01,1/4/2021 17:48,20134,\N,\N,\N,
118,"Cosmas Ifeanyi Nwakanma, Md. Sajjad Hossain, Jae-Min Lee and Dong-Seong Kim, &#34;Towards Machine Learning Based Analysis of Quality of User Experience (QoUE)&#34;  International Journal of Machine Learning and Computing, vol. 10, no. 6, pp. 752-758,  Nov. 2020,",,4,1,2/3/2020 12:56,5/24/2021 10:39,903,\N,\N,\N,
119,"M. R. Ramli, P. T. Daely, D-S. Kim, and J. M. Lee, &#34;IoT-based Adaptive Network Mechanism for Reliable Smart Farm System&#34;, Computers and Electronics in Agriculture, Vol. 170, 105287, March 2020",,4,1,2/10/2020 8:46,5/24/2021 10:31,973,\N,\N,\N,
120,"W. Nwadiugwu and D. Kim, &#34;Ultrawideband Network Channel Models for Next-Generation Wireless Avionic System,&#34; IEEE Transactions on Aerospace and Electronic Systems, Vol. 56, no. 1, pp. 113-129, Feb. 2020. (IF: 3.672)",,4,1,2/10/2020 11:15,5/24/2021 12:25,1933,\N,\N,\N,
121,"G. Gashema and D.S Kim&#34;Optimal Sensing and Interference Suppression in 5G Cognitive Radio Networks,&#34;  Journal of Communications, vol.15, pp.303-308, Apr.2020 (A)",,\N,1,3/11/2020 14:34,1/4/2021 17:46,2187,\N,\N,\N,
122,"Kevin Putra Dirgantoro, Jae-Woo Kim, Jae Min Lee, and Dong-Seong Kim, &#34;Secure M2M Communication of Industrial IoT using Manufacturing Message Specification (MMS) with Blockchain&#34;, IEEE Transactions on Industrial Electronics, 2020. (S)",,2,1,4/11/2020 9:47,7/3/2020 14:58,10677,\N,\N,\N,
123,"Cosmas Ifeanyi Nwakanma, Fabliha Bushra Islam, Mareska Pratiwi Maharani, Jae-Min Lee and Dong-Seong Kim,&#34;Detection and Classification of Human Activity for Emergency Response in Smart Factory Shop Floor&#34;, Applied Sciences,  Vol. 11, no. 8, 3662,  April 2021, DOI :https://doi.org/10.3390/app11083662",,4,1,1/5/2021 19:48,10/14/2021 14:55,719,\N,\N,\N,
124,"Godwin Brown Tunze, Thien Huynh-The, Jae-Min Lee, and Dong-Seong Kim, “Automatic Modulation Recognition using Deep CNN with Multilevel Attention Mechanism,” IEEE Signal Processing Letters, 2020. (Pr)",,\N,1,7/18/2020 15:57,7/22/2020 10:55,588,\N,\N,\N,
125,"Md Sajjad Hossain, Cosmas Ifeanyi Nwakanma, Jae-Min Lee, Dong-Seong Kim &#34;Edge Computational Task Offloading Scheme using Reinforcement Learning for IIoT Scenario&#34; ICT Express, Vol. 6, no. 4, pp. 291-299, December 2020,",,4,1,6/4/2020 21:23,5/24/2021 10:40,813,\N,\N,\N,
126,"M. T. Ramadhan, R. R. Ginanjar, D.-S. Kim and J.-M. Lee,&#34;Multiple-Input LSTM Based Movement Prediction in 3D Space&#34;, IET Electronics Letter(S)",,\N,1,6/5/2020 15:38,6/11/2020 22:53,650,\N,\N,\N,
127,"Ade Pitra Hermawan, Rizki Rivai Ginanjar, Dong-Seong Kim and Jae-Min Lee, “Energy Efficient-based Data Recovery using Multidirectional LSTM in Wireless Sensor Networks“, IEEE/ACM Embedded System Letters (Pr)",,\N,1,6/11/2020 23:01,11/2/2020 16:20,720,\N,\N,\N,
128,"Seung-Hwan Kim, Jae-Woo Kim, Dong-Seong Kim, &#34;Energy Consumption Analysis of Beamforming and Cooperative Schemes for Aircraft Wireless Sensor Networks&#34; Applied Sciences, vol.10, no.12, pp.4374-4391, June 2020. (IF:2.474), DOI : 10.3390/app10124374",,\N,1,6/7/2020 18:44,5/23/2021 16:40,675,\N,\N,\N,
129,"Williams-Paul Nwadiugwu and Dong-Seong Kim, &#34;Memory-aware AD-DDS for Service-oriented Distributed Collaborative Simulation Synergy&#34;, IEEE Trans. on Broadcasting Services, 2020. (S)",,\N,1,8/3/2020 14:37,3/8/2021 10:43,819,\N,\N,\N,
130,"Bhardwaj, S., Kim, DS. Dragonfly-based swarm system model for node identification in ultra-reliable low-latency communication. Neural Comput & Applic 33, 1837&#8211;1880 (2021). https://doi.org/10.1007/s00521-020-05056-6",,\N,1,6/22/2020 10:48,3/8/2021 16:50,663,\N,\N,\N,
131,"Kevin Putra Dirgantoro, Jae-Woo Kim, Jae Min Lee, and Dong-Seong Kim, &#34;BoM: Blockchain over MMS Communication for Secure IIoT using 1D CNN&#34;, IEEE Transactions on Industrial Informatics, 2020. (S)",,2,1,6/26/2020 10:41,8/10/2020 9:30,1151,\N,\N,\N,
132,"Rizki Rivai Ginanjar, Sanjay Bhardwaj, Jae-Min Lee, and Dong-Seong Kim, &#34;Imperceptible Digital Data-Hiding in Audio File using Novel Rounding Modulation Technique&#34;, Computer Standard and Interface, 2020. (R)",,\N,1,7/19/2020 16:11,9/29/2020 22:35,635,\N,\N,\N,
133,"Thien Huynh-The,  Hua, Cam-Hao; Anh Tu, Nguyen; Kim, Dong-Seong, &#34;Physical Activity Recognition with Statistical-Deep Fusion Model using Multiple Sensory Data for Smart Health,&#34; IEEE Internet of Things Journal, vol. 8, no. 3, pp. 1533-1543, Feb. 2021.",,\N,1,7/26/2020 12:40,5/24/2021 12:34,936,\N,\N,\N,
134,"Williams-Paul Nwadiugwu and Dong-Seong Kim &#34;Aboveground-to-Underground Topology Control with Distributed MIMO-Ultrawideband-RF Models for Jobshop Environment&#34;, IEEE Sensors Journal, 2020. (In revision)",,\N,1,8/3/2020 14:41,5/23/2021 21:56,834,\N,\N,\N,
135,"Williams-Paul Nwadiugwu, Jae-Min Lee and Dong-Seong Kim &#34;Hybrid (CKF + EKF) for Next-Generation 4-D UAV Trajectory in Space-Air-Ground Integrated Network&#34;, Intelligent & Robotics Systems, 2021. (S)",,\N,1,8/3/2020 14:47,5/24/2021 10:26,790,\N,\N,\N,
136,"Thien Huynh-The, Van-Sang Doan, Cam-Hao Hua, Quoc-Viet Pham, and Dong-Seong Kim,&#34;Accurate LPI Radar Waveform Recognition With CWD-TFA for Deep Convolutional Network&#34;, IEEE Wireless Communications Letters, vol.10, no.8, pp.1638 - 1642, August 2021, DOI :10.1109/LWC.2021.3075880",,4,1,1/27/2021 11:39,9/14/2021 15:11,6270,\N,\N,\N,
137,"Sanjay Bhardwaj, Dong-Seong Kim &#34;Dragonfly Approach for Resource Allocation in Industrial Wireless Network&#34;, Physical Communication, Vol. 43, 101198, December 2020",,4,1,9/16/2020 10:27,5/24/2021 10:45,671,\N,\N,\N,
138,"V.S. Doan, T. Huynh-The, D. S. Kim, &#34;Underwater Acoustic Target Classification based on Dense Convolutional Neural Network&#34;, IEEE Geoscience and Remote Sensing Letters, (Early Access), pp.1-5, Oct. 2020. DOI: 10.1109/LGRS.2020.3029584",,4,1,10/3/2020 21:51,5/24/2021 10:05,663,\N,\N,\N,
139,"Amaizu Gabriel, Ugochukwu Akpudo ,Jae-Min Lee and Dong-Seong Kim &#34; Hybrid Filter-wrapper-based Parameter Selection Approach for Cost-Efficient DDoS Attack Detection&#34;,  IEEE Internet of Things - 2020 (R)",,\N,1,11/2/2020 13:35,4/30/2021 10:18,885,\N,\N,\N,
140,"Sanjay Bhardwaj, Dong-Seong Kim,&#39;&#39;Double Deep Q-Learning Based CoMP in Industrial Wireless Networks for eURLLC&#34; IEEE Wireless Communication Letters,2020 (S)",,\N,1,11/20/2020 16:51,\N,781,\N,\N,\N,
141,"S. Karmal, H. Kang, C. A. A. Meza and D.-S. Kim, &#34;Improved Dual Sinc Pulses to Reduce ICI Power and PAPR in OFDM-based Systems&#34;,KSII Transactions on Internet and Information Systems, vol.14, no.12, pp. 4927-4945, Dec. 2020. IF : 0.648, DOI : 10.3837/tiis.2020.12.017",,4,1,12/1/2020 9:03,5/24/2021 17:51,570,\N,\N,\N,
142,"Godwin Brown Tunze, Thien Huynh-The, Jae-Min Lee, and Dong-Seong Kim,“Sparsely Connected CNN for Ef&#64257;cient Automatic Modulation Recognition,” IEEE Trans. Veh. Technol., vol. 69, no. 12, pp. 15557&#8211;15568, Dec. 2020.",,4,1,12/1/2020 11:13,5/24/2021 10:49,696,\N,\N,\N,
143,"Williams-Paul and Dong-Seong Kim &#34;Precise&#8211;Point&#8211;Positioning for Competing&#8211;game Drones using Hybrid Cubature+Extended KF&#34;, Applied Sciences, 2021, (S).",,2,1,12/2/2020 19:58,5/24/2021 10:28,547,\N,\N,\N,
144,"Williams-Paul Nwadiugwu and Dong-Seong Kim, &#34;Joint Physical Resource Block Architecture using Hybrid Beamforming for Mobile Base Station-to-UAV Cell-edges&#34;, IEEE TCAS II: Express Briefs, 2021, (S).",,2,1,12/2/2020 19:59,6/7/2021 11:00,498,\N,\N,\N,
145,"Williams-Paul Nwadiugwu and Dong-Seong Kim, &#34;Drone-enabled JT-CoMP Mobile Consumer Terminals: Novel Beamforming Interfacing & Interference Coordination&#34;, IEEE Trans. on Consumer Electronics, 2021, (S)",,2,1,12/2/2020 20:34,5/23/2021 21:48,559,\N,\N,\N,
146,"Alifia Putri Anantha, Muhammad Rusyadi Ramli, Jae-Min Lee, and Dong-Seong Kim, &#34;Deep Reinforcement Learning with Edge Computing in Faulty-Node Detection for Industrial Internet of Things&#34;, ICT Express, 2020 (R)",,\N,1,12/18/2020 14:55,1/11/2021 15:06,817,\N,\N,\N,
147,"Gabriel Amaizu, Cosmas Ifeanyi Nwakanma, Sanjay Bhardwaj, Jae-Min Lee and Dong-Seong Kim &#34;Composite and Efficient DDoS Attack Detection Framework for B5G Networks&#34;, Computer Networks, Vol. 188, 107871, January 2021, DOI: https://doi.org/10.1016/j.comnet.2021.107871.",,4,1,1/5/2021 19:46,9/14/2021 14:43,646,\N,\N,\N,
148,"Riesa Krisna Astuti Sakir, Sanjay Bhardwaj, and Dong-Seong Kim, &#34;Enhanced Faulty Node Detection with Interval Weighting Factor for Distributed Systems&#34;, Journal of Communication and Networks, vol. 23, no. 1, pp. 34-42, February 2021, DOI :10.23919/JCN.2021.000002.",,4,1,1/7/2021 11:22,9/14/2021 14:54,594,\N,\N,\N,
149,"Cosmas Ifeanyi Nwakanma, Jae-Woo Kim, Jae-Min Lee and Dong-Seong Kim, &#34;Edge AI Prospect using the NeuroEdge Computing System: Introducing a Novel Neuromorphic Technology&#34;,  ICT Express,  Vol. 7, No. 2, pp. 152-157, June 2021, DOI :10.1016/j.icte.2021.05.003",,4,1,1/20/2021 14:36,9/14/2021 15:03,988,\N,\N,\N,
150,"Ikechi Saviour Igboanusi, Kevin Putra Dirgantoro, Jae-Min Lee, Dong-Seong Kim, Blockchain side implementation of Pure Wallet (PW): An offline transaction architecture, ICT Express, Volume 7, Issue 3, 2021, Pages 327-334, ISSN 2405-9595, https://doi.org/10.1016/j.icte.2021.08.004.",,4,1,8/24/2021 17:56,12/20/2021 13:51,482,\N,\N,\N,
151,"Jae Woo Kim, Dong-Seong Kim, Seung-Hwan Kim, Sang-Moon Shin &#34;Design and implementation scheme of QSFP28 optical transceiver for long-reach transmission using PAM4 modulation&#34; Applied Sciences, Vol. 11, No. 6, pp. 2795-2803, April 2021. IF:2.474, DOI:10.3390/app11062803",,4,1,2/2/2021 18:00,10/14/2021 14:53,564,\N,\N,\N,
152,"Sanjay Bhardwaj, Dong-Seong Kim ,&#34;Deep Q-Learning Based JT-CoMP for Resource Allocation Enabling eURLLC in Industrial Wireless Networks&#34;, Wireless Networks,2021, (Pr).",,\N,1,2/3/2021 9:06,5/23/2021 14:45,463,\N,\N,\N,
153,"Sanjay Bhardwaj, Dong-Seong Kim,&#34;C-DRN Based Modulation Classification for Beyond 5G in Multipath Fading Channels&#34;, IEEE Transaction of Communication, 2021,(Submitted).",,\N,1,2/3/2021 9:09,5/23/2021 14:47,475,\N,\N,\N,
154,"Sanjay Bhardwaj, Dong-Seong Kim,&#34;Dragonfly Interaction Algorithm for Optimization of&#34;, Physical Communication, 2021,(Pr).",,\N,1,2/25/2021 18:00,5/23/2021 14:46,616,\N,\N,\N,
155,"Hoa Tran-Dang, Dong-Seong Kim: &#34;FRATO: Fog Resource Adaptive Task Offloading for Minimizing IoT service provisioning&#34;, IEEE Transactions on Parallel and Distributed Systems, Vol. 32, no. 10, pp. 2491-2508, October 2021, DOI: 10.1109/TPDS.2021.3067654",,4,1,3/15/2021 23:01,9/14/2021 15:20,580,\N,\N,\N,
156,"Agron, Danielle Jaye, Lee, Jae-Min, Kim, Dong-Seong, &#34;Nozzle Thermal Estimation for Fused Filament Fabricating 3D Printer using Temporal Convolutional Neural Networks&#34; Applied Sciences, Vol. 11, no. 14, 6424, July 2021, DOI: 10.3390/app11146424",,4,1,4/13/2021 14:28,9/14/2021 15:25,637,\N,\N,\N,
157,"Shaharyar Kamal, Dong-Seong Kim, etc., “MS-DLD: Multi-Sensors based Daily Locomotion Detection via Kinematic-Static Energy and Body-Specific HMMs”, IEEE Access, September 2021. (In Revision)",,3,1,10/14/2021 22:10,10/14/2021 22:12,304,\N,\N,\N,
158,"Seung-Hwan Kim, Jae-Woo Kim, Williams-Paul Nwadiugwu and Dong-Seong Kim, &#34;Deep Learning-based Robust Automatic Modulation Classification for Cognitive Radio Networks&#34;, IEEE Access, vol. 9, pp. 92386 - 92393,  June 2021. (IF: 3.745)",,4,1,5/6/2021 10:16,10/14/2021 14:54,587,\N,\N,\N,
159,"Chang Bae Moon, D.-S. Kim, et. al. &#34;Inspection System for Vehicle Headlight Defects based on Convolutional Neural Network&#34;, Applied Sciences, Vol. 11, No. 10, 4402, pp. 1-18, May 2021 (IF: 2.474)",,4,1,5/9/2021 19:19,10/14/2021 14:54,519,\N,\N,\N,
160,"Ann Janeth Garcia, Jae-Min Lee, Dong-Seong Kim, &#34;CNN-32DC: An Improved Radar-based Drone Recognition System based on Convolutional Neural Network&#34; ICT Express (N8&N12) (Under Review)",,\N,1,5/27/2021 15:14,7/23/2021 8:51,394,\N,\N,\N,
161,"Md. Sajjad Hossain, Cosmas Ifeanyi Nwakanma, Jae-Min Lee and Dong-Seong Kim &#34; Real-Time Task Allocation and Edge Node Classification with Fault Tolerance for the Internet of Battlefield Things.&#34; IET Communications, 2022 (Major Revision)",,\N,1,7/26/2022 16:07,10/17/2022 16:39,285,\N,\N,\N,
162,"Hoa Tran-Dang, Dong-Seong Kim:&#34; Shaping the Future of Logistics&#34;, IETE Technical Review (Under Review), 2021",,\N,1,5/24/2021 9:47,5/24/2021 16:22,343,\N,\N,\N,
163,"Etobi Damian Tita, Williams-Paul Nwadiugwu, Jae Min Lee, Dong-Seong Kim, &#34;Real-time optimizations in energy profiles and end-to-end delay in WSN using two-hop information&#34;, Computer Communications, Vol. 172, pp. 169-182, April 2021. DOI : https://doi.org/10.1016/j.comcom.2021.02.007 (IF: 2.816)",,4,1,5/24/2021 10:53,10/14/2021 14:53,503,\N,\N,\N,
164,"Williams-Paul Nwadiugwu and Dong-Seong Kim, &#34;Novel MIMO-UWB-Based AG-UG-AG Routing With Microbit Sensors for WUSN&#34;, IEEE Sensors Letters, Vol. 5, no. 3, pp. 1-4, March 2021. (IF: 0.38), DOI: 10.1109/LSENS.2021.3060826",,4,1,5/24/2021 10:50,9/14/2021 15:39,655,\N,\N,\N,
165,"Fabliha Bushra Islam, Jae-Min Lee and Dong-Seong Kim, &#34;Smart Factory Floor Safety Monitoring using UWB Sensor&#34;, IET Science, Measurement & Technology, Vol. 16, no. 7, pp. 415-425, September, 2022. https://doi.org/10.1049/smt2.12114",,4,1,3/24/2022 9:29,8/8/2022 12:10,367,\N,\N,\N,
166,"Dong-Seong Kim, Arslan Musaddiq, &#34;Regional Innovation at ICT Convergence Research Center&#34;, IEEE Transaction on Education, (Pr)",,1,1,5/25/2021 10:36,\N,414,\N,\N,\N,
167,"Tariq Rahim, Muhammad Arslan Usman, Soo Young Shin, and Dong Seong Kim, &#34;Comparing H.265/HEVC and VP9: Impact of High Frame Rates on the Perceptual Quality of Compressed Videos&#34;, IEEE Transactions on Multimedia. (Under review)",,3,1,6/24/2021 16:58,7/12/2021 9:44,376,\N,\N,\N,
168,"Thien Huynh-The, Dong-Seong Kim, etc., &#34;MIMO-OFDM Modulation Classification Using Three-Dimensional Convolutional Network&#34;, IEEE Transactions on Vehicular Technology, November 2021. (In Revision)",,2,1,6/28/2021 17:06,11/30/2021 14:28,426,\N,\N,\N,
169,"Mohtasin Golam, Rubina Akter, Jae-Min Lee, and Dong-Seong Kim, &#34;A Long Short-Term Memory-Based Solar Irradiance Prediction Scheme Using Meteorological Data&#34;, IEEE Geoscience and Remote Sensing Letters,  Vol. 19, pp. 1-5,  2022, Art no. 1003705, DOI: 10.1109/LGRS.2021.3107139",,4,1,7/1/2021 10:54,6/9/2022 18:50,531,\N,\N,\N,
170,"Cosmas Ifeanyi Nwakanma, Goodness Oluchi Anyanwu,  Jae Min Lee , Dong-Seong Kim , &#34;Thermal Array Sensor-Based Activity Detection in Smart Spaces using AI: A Review &#34;, IEEE Sensors Journal,  (Resubmitted)",,\N,1,7/2/2021 13:12,3/10/2022 13:02,405,\N,\N,\N,
171,"Mareska Pratiwi Maharani, Jae-Min Lee and Dong-Seong Kim, and &#34;Bearing Fault Detection using Autoencoder-LSTM for SmartFactory&#34;, MDPI Sensors journal, 2021 (Resubmitted)",,\N,1,7/2/2021 16:52,8/7/2021 19:23,351,\N,\N,\N,
172,"Rubina Akter, Godwin Tunze, Jae Min Lee, and Dong Seong Kim, &#34;An Efficient Convolution Neural Networks for RF-Based Drone Detection and Classification&#34;, IEEE IoT Journal, (Pr)",,\N,1,7/5/2021 11:39,\N,389,\N,\N,\N,
173,"Williams-Paul Nwadiugwu, Dong-Seong Kim,  W. Ejaz, A. Anpalagan, &#34;MAD-DDS: Memory-efficient Automatic Discovery Data Distribution Service for Large-Scale Distributed Control Network&#34;,    IET Communications,  pp. 1-15, 2023, https://doi.org/10.1049/cmu2.12645",,4,1,6/20/2023 13:53,6/20/2023 13:58,50,\N,\N,\N,
174,"Mareska Pratiwi Maharani, Jae-Min Lee and Dong-Seong Kim, &#34;AI-Based Activity-Pattern Recognition in Smart Factory Floor&#34;, MDPI Applied Sciences journal, 2021 (Major Revisions)",,\N,1,7/9/2021 17:17,12/7/2021 12:53,367,\N,\N,\N,
175,"Mareska Pratiwi Maharani, Jae-Min Lee and Dong-Seong Kim, &#34;Bearing Fault Detection using Autoencoder-LSTM for Smart Factory&#34;,  IEEE Transactions on Industrial Informatics, 2021 (With editor))",,\N,1,10/25/2021 17:10,12/7/2021 12:52,415,\N,\N,\N,
176,"Adinda Riztia Putri, Mareska Pratiwi Maharani, Goodness Oluchi Anyanwu, Cosmas Ifeanyi Nwankanma, Jae Min-Lee and Dong Seong Kim, &#34;Real-Time Fall Detection System using Embedded Machine Learning in Smart Spaces&#34;, IEEE Sensor Journal, 2021 (Pr)",,\N,1,7/14/2021 17:42,7/15/2021 9:06,370,\N,\N,\N,
177,"Rubina Akter, Van-Sang Doan, Jae-Min Lee, and Dong-Seong Kim, “ Low-Complexity Convolution Neural Network for Accurate Arrival-of-Angle Estimation Based Object Localization”, IEEE Transactions on Industrial Informatics, 2021. (Pr)",,\N,1,7/27/2021 23:09,7/27/2021 23:11,435,\N,\N,\N,
178,"Love Allen Chijioke Ahakonye, Amaizu Gabriel Chukwunonso, Cosmas Ifeanyi Nwakanma, Jae Min Lee, Dong-Seong Kim, An Efficient Hybrid SCADA Network Vulnerability Detection and Characterization Technique. IEEE Transactions on Emerging Topics (R)",,\N,1,9/6/2021 12:56,4/1/2022 7:46,567,\N,\N,\N,
179,"Mark Verana, Made Adi Paramartha Putra, Jae Min Lee, Dong Seong Kim, &#34;Edge AI-based 3D Printer Monitoring and Fault Prediction&#34;, IEEE Transactions on Industrial Informatics, 2021 (Pr)",,\N,1,7/21/2021 18:01,7/21/2021 18:03,383,\N,\N,\N,
180,"Love Allen Chijioke Ahakonye, Cosmas Ifeanyi Nwakanma, Jae-Min Lee, and Dong-Seong Kim, &#34;Efficient Classification of Enciphered SCADA Network Traffic in Smart Factory using Decision Tree Algorithm&#34;, IEEE Access Vol.9, pp. 154892-154901, November 13, 2021, I.F:3.367, DOI : 10.1109/ACCESS.2021.3127560",,4,1,11/29/2021 11:13,11/29/2021 11:14,335,\N,\N,\N,
181,"Rubina Akter, Van-Sang Doan, Jae-Min Lee, and Dong-Seong Kim, “ Deep Learning-Based Surveillance System for Drones Detection and Activity Recognition”, IEEE Transactions on Vehicular Technology , 2021. (Pr)",,\N,1,7/27/2021 23:15,\N,403,\N,\N,\N,
182,"Judith Nkechinyere Njoku, Cosmas Ifeanyi Nwakanma, Gabriel Chukwunonso Amaizu, and Dong-Seong Kim, Prospects and challenges of Metaverse application in data-driven intelligent transportation systems. IET Intell. Transp. Syst. 17, 1&#8211; 21 (2023). https://doi.org/10.1049/itr2.12252",,4,1,6/14/2022 15:26,1/5/2023 15:57,324,\N,\N,\N,
183,"Yohana Jayanti Aruan, Made Adi Paramartha Putra, Adinda Riztia Putri, Philip Tobianto Daely, Dong-Seong Kim, and Jae Min Lee, &#34;Backhaul Aggregator Design for Real-Time 3D Printer System,&#34; IEEE Communications Magazine (S)",,\N,1,6/14/2022 18:22,6/21/2022 13:17,251,\N,\N,\N,
184,"Gabriel Amaizu, and Dong-seong Kim &#34;Cost-Efficient DDoS Attack Detection: A Hybrid Filter-based Parameter Selection Scheme &#34; ICT Express (S)",,\N,1,10/15/2021 11:06,10/15/2021 15:09,2953,\N,\N,\N,
185,"Tariq Rahim, Dong-Seong Kim, etc., &#34;Total Variant Based Average Saprsity Model with Rewieghted Analysis for Compressive Sensing of Computed Tomography&#34;, IEEE Access, Vol. X, pp. 119158-119170, August 2021, DOI: 10.1109/ACCESS.2021.3107904",,4,1,8/25/2021 11:07,9/15/2021 10:00,392,\N,\N,\N,
186,"Rubina Akter, Van-Sang Doan, Jae-Min Lee, and Dong-Seong Kim, “ Low-Complexity Convolution Neural Network for Accurate Arrival-of-Angle Estimation in Low SNR”, IEEE Wireless Communications Letters , 2021. (In revision)",,\N,1,8/25/2021 15:54,8/27/2021 22:26,464,\N,\N,\N,
187,"Thien Huynh-The, Dong-Seong Kim, etc., &#34;Automatic Modulation Classification: A Deep Network Architecture Survey&#34;, IEEE Access, July 2021. (S)",,2,1,8/30/2021 15:37,\N,321,\N,\N,\N,
188,"Sanjay Bhardwaj and Dong-Seong Kim, &#34;Inception Based ResNet Autoenconder for B5G in Multipath Fading Channels&#34;. (S)",,2,1,9/6/2021 10:06,\N,318,\N,\N,\N,
189,"Thien Huynh-The and Dong-Seong Kim, &#34;RF-based Amateur Drone Surveillance for the Internet-of-Things with Deep Learning&#34;, IEEE Internet of Things Magazine. (S)",,2,1,9/2/2021 15:11,\N,329,\N,\N,\N,
190,"Xuan-Qui Pham et al., &#34;Distributed Cloud Computing: Concept, Architecture, Design Principles, and Open Challenges,&#34; IEEE Network (Pr)",,1,1,9/2/2021 15:15,1/6/2022 10:07,324,\N,\N,\N,
191,"Xuan-Qui Pham et al., &#34;Partial Computation Offloading in Parked Vehicle-assisted Multi-access Edge Computing: A Game-Theoretic Approach&#34;, IEEE Transactions On Vehicular Technology (In Revision)",,3,1,9/2/2021 15:17,1/4/2022 17:17,357,\N,\N,\N,
192,"Hoa Tran-Dang, Dong-Seong Kim: &#34; A distributed resource allocation algorithms for task offloading in fog-enabled IoT systems&#34;, ICT express (selected from ICUFN 2021) (Pr)",,1,1,9/2/2021 16:11,\N,300,\N,\N,\N,
193,"Thien Huynh-The, Cam-Hao Hua, Van-Sang Doan, Quoc-Viet Pham and Dong-Seong Kim,&#34;Accurate Deep CNN-based Waveform Recognition for Intelligent Radar Systems&#34; IEEE Communications Letters, Vol. 25, No. 9, pp. 2938-2942, September 2021, DOI: 10.1109/LCOMM.2021.3095278",,4,1,9/13/2021 15:40,\N,350,\N,\N,\N,
194,"Tariq Rahim, and Dong Seong Kim, &#34;Compressed Medical Imaging using Spread Spectrum Acquisition and BPDN-Based Sparsity Averaging for Iris Images&#34;, IEEE Access. (In Revision)",,3,1,9/23/2021 13:57,10/11/2021 16:17,291,\N,\N,\N,
195,"W. -P. Nwadiugwu, S. -H. Kim and D. -S. Kim, &#34;Precise-Point-Positioning Estimations for Recreational Drones Using Optimized Cubature-Extended Kalman Filtering,&#34; in IEEE Access, vol. 9, pp. 134369-134383, September 2021, doi: 10.1109/ACCESS.2021.3116058.",,4,1,9/25/2021 14:46,10/6/2021 12:21,384,\N,\N,\N,
196,"Rubina Akter, Van-Sang Doan, Jae-Min Lee, and Dong-Seong Kim, “CNN-SSDI: Convolution Neural Network Inspired Surveillance System for UAVs Detection and Identification”, Computer Networks , 15 October 2021. DOI : 10.1016/j.comnet.2021.108519",,4,1,10/18/2021 10:10,\N,380,\N,\N,\N,
197,"Thien Huynh-the, Dong-Seong Kim, etc., &#34;Automatic Modulation Classification: A Deep Architecture Survey&#34;, IEEE Access (Early Access), 15 October 2021. DOI : 10.1109/ACCESS.2021.3120419",,4,1,10/18/2021 10:04,\N,341,\N,\N,\N,
198,"Made Adi Paramartha Putra, Dong-Seong Kim, and Jae-Min Lee, &#34;Adaptive LRFU Replacement Policy for Named Data Network in Industrial IoT&#34;, ICT Express, Vol. 8, no. 2, pp.258-263, June 2022, DOI: 10.1016/j.icte.2021.10.004",,4,1,6/9/2022 18:44,\N,257,\N,\N,\N,
199,"W. J. Ryu, J. W. Kim, S. Y. Shin, and D. -S. Kim, &#34;On the Performance Evaluations of Cooperative Retransmission Scheme for Cell-Edge Users of URLLC in Multi-Carrier Downlink NOMA Systems,&#34; Sensors, Vol.21, No. 21, Oct 2021 (IF:3.576)",,4,1,10/26/2021 16:13,11/30/2021 16:34,340,\N,\N,\N,
200,"Dong-Seong Kim, Hoa Tran-Dang, and Thien Huynh-The, &#34;On the Reliability of Industrial Internet of Things from Systematic Perspectives: Evaluation Approaches, Challenges, and Open Issues&#34;, IETE Technical Review, Vol. 39, No.6, 1277-1308, 2022.",,4,1,11/15/2021 15:14,2/27/2023 0:24,365,\N,\N,\N,
201,"Thien Huynh-The, Dong-Seong Kim et al., &#34;MIMO-OFDM Modulation Classification Using Three-Dimensional Convolutional Network,&#34; IEEE Transactions Vehicular Technology, vol. 71, no. 6, pp. 6738-6743, June 2022, doi: 10.1109/TVT.2022.3159254.",,4,1,3/23/2022 13:50,8/25/2022 19:32,359,\N,\N,\N,
202,"Seung-Hwan Kim, Chang-Bae Moon, Jae-Woo Kim and Dong-Seong Kim, &#34;A Hybrid Deep Learning Model for Automatic Modulation Classification&#34;, IEEE Wireless Communications Letters, 13 November, 2021. (IF:4.348) DOI : 10.1109/LWC.2021.3126821",,4,1,11/15/2021 10:06,11/19/2021 11:00,324,\N,\N,\N,
203,"Rubina Akter, Van-Sang Doan, Thien Huynh-The, and Dong-Seong Kim, “RFDOA-Net: An Efficient ConvNet for RF-based DOA Estimation in UAV Surveillance Systems”, IEEE Transactions on Vehicular Technology, vol.7, pp. 12209-12214, November 2021. DOI: 10.1109/TVT.2021.3114058",,4,1,11/22/2021 9:11,\N,324,\N,\N,\N,
204,"W. -P. Nwadiugwu and D. -S. Kim, &#34;Reconfigurable Physical Resource Block using Novel Gm&#8211;C Beamforming Filter Circuit for LTE-based Cell-edge Terminals,&#34; in IEEE Transactions on Computer-Aided Design of Integrated Circuits and Systems, Vol. 41, no. 11, pp. 5131-5135, Nov. 2022,  doi: 10.1109/TCAD.2022.3146847.",,4,1,1/24/2022 15:47,1/4/2023 11:51,461,\N,\N,\N,
205,"Hoa Tran-Dang, and Dong-Seong Kim,&#34;The Physical Internet in the Era of Digital Transformation: Perspectives and Open Issues&#34;, IEEE Access, vol. 9, pp. 164613-164631, 30 November 2021. DOI 10.1109/ACCESS.2021.3131562",,4,1,12/2/2021 10:09,6/1/2022 15:17,339,\N,\N,\N,
206,"Hoa Tran-Dang, Dong-Seong Kim:&#34; Shaping the Future of Logistics&#34;, IETE Technical Review (Major Revision)",,3,1,2/23/2022 15:44,4/1/2022 15:30,393,\N,\N,\N,
207,"Ann Janeth Garcia, Ali Aouto, Jae-Min Lee, Dong-Seong Kim, &#34;CNN-32DC: An Improved Radar-based Drone Recognition System based on Convolutional Neural Network&#34; ICT Express , Vol. 8, no. 4, pp. 606-610, December 2022,  https://doi.org/10.1016/j.icte.2022.04.012",,4,1,4/26/2022 8:36,1/4/2023 11:56,292,\N,\N,\N,
208,"Esmot Ara Tuli, Mohtasin Golam, Dong-Seong Kim, and Jae-Min Lee, &#34;Performance Enhancement of Optimized Link State Routing Protocol by Parameter Configuration for UANET&#34;, Drones 2022, Vol.6, Issue 1, DOI: 10.3390/drones6010022",,4,1,1/18/2022 11:03,3/3/2022 0:44,442,\N,\N,\N,
209,"Simeon Okechukwu Ajakwe, Vivian Ukamaka Ihekoronye, Dong-Seong Kim, Jae Min Lee, DRONET: Multi-Tasking Framework for Real-Time Industrial Facility Aerial Surveillance and Safety, Drones, vol. 6, no. 2, 46; https://doi.org/10.3390/drones6020046",,4,1,2/1/2022 13:27,3/10/2022 13:17,509,\N,\N,\N,
210,"Mark Verana, Dong-Seong Kim, and Jae-Min Lee, &#34;A deep Survey on Artificial Intelligence Approaches for 3D Printing Anomaly Detection&#34; (Summer Intensive 2022), IEEE Transactions on Industrial Electronics (Pr)",,\N,1,7/1/2022 17:58,\N,252,\N,\N,\N,
211,"Made Adi Paramartha Putra, Ade Pitra Hermawan, Dong-Seong Kim and Jae-Min Lee, &#34;Data Prediction-Based Energy-Efficient Architecture in Industrial IoT&#34;, IEEE Sensors Journal, vol. 23, no. 14, pp. 15856-15866, July 15, 2023, , doi: 10.1109/JSEN.2023.3280485",,4,1,5/25/2023 11:45,7/14/2023 11:22,58,\N,\N,\N,
212,"Made Adi Paramartha Putra, Revin Naufal Alief, Syifa Maliah Rachmawati, G.A. Sampedro, Dong-Seong Kim, Jae-Min Lee, &#34;Proof-of-Authority-Based Secure and Efficient Aggregation with Differential Privacy for Federated Learning in Industrial IoT&#34;, Elsevier IoT, January 2023 (Under Review)",,2,1,1/3/2023 21:45,1/3/2023 21:47,80,\N,\N,\N,
213,"W. -P. Nwadiugwu and D. -S. Kim, &#34;Compressed Time-Frequency Channel Beamforming Using Empirical MIMO-UWB RFs for Indoor Jobshop,&#34; in IEEE Sensors Journal, vol. 22, no. 6, pp. 5457-5469, 15 March15, 2022, doi: 10.1109/JSEN.2021.3117339.",,4,1,3/16/2022 14:06,11/22/2022 10:15,343,\N,\N,\N,
214,"Arslan Musaddiq, Rashid Ali, Sung-Won Kim, and Dong-Seong Kim, &#34;Learning-based Resource Management for Low-power and Lossy IoT Networks&#34;, IEEE Internet of Things Journal, , vol. 9, no. 17, pp. 16006-16016, 1 Sept.1, 2022, doi: 10.1109/JIOT.2022.3152929.",,4,1,3/21/2022 17:46,8/25/2022 19:29,373,\N,\N,\N,
215,"Thien Huynh-The, Dong-Seong Kim et al., &#34;RanNet: Learning Residual-Attention Structure in CNNs for Automatic Modulation Classification,&#34; IEEE Wireless Communications Letters, vol. 11, no. 6, pp. 1243-1247, June 2022, doi: 10.1109/LWC.2022.3162422.",,4,1,3/23/2022 13:51,8/25/2022 19:34,322,\N,\N,\N,
216,"Ahmad Zainudin, Love Allen Chijioke Ahakonye, Rubina Akter, Dong-Seong Kim, and Jae-Min Lee,&#34;An Efficient Hybrid-DNN for DDoS Detection and Classification in Software-Defined IIoT Networks&#34;, IEEE Internet of Things Journal, Vol. 10, No. 10, August 2022, DOI: 10.1109/JIOT.2022.3196942",,4,1,3/31/2022 12:29,10/12/2023 0:23,386,\N,\N,\N,
217,"Cosmas Ifeanyi Nwakanma, Love Allen Chijioke Ahakonye, Judith Nkechinyere Njoku, Jacinta Chioma Odirichukwu, Stanley Adiele Okolie, Chinebuli Uzondu, Christiana Chidimma Ndubuisi Nwekee and Dong-Seong Kim,&#34; Explainable Artificial Intelligence (XAI) for Intrusion Detection and Mitigation in Intelligent Connected Vehicles: A Review. Applied Sciences, vol. 13, no. 1252, January 17, 2023, https://doi.org/10.3390/app13031252",,4,1,1/18/2023 10:26,1/18/2023 10:28,110,\N,\N,\N,
218,"Igboanusi, I.S., Allwinnaldo,A., Alief, R.N., Ansori, M.R.R., Lee, J.-M., Kim, D.-S.&#34;Smart auto mining (SAM) for industrial IoT blockchain network&#34;,  IET Commun., Vol. 16, no. 18, pp. 2123-2132, November 2022. https://doi.org/10.1049/cmu2.12465",,4,1,4/25/2022 13:33,1/4/2023 11:55,754,\N,\N,\N,
219,"Gabriel Avelino Sampedro, Danielle Jaye Agron, Gabriel Amaizu, Jae-Min Lee and Dong-Seong Kim,”Design of a In-process Quality Monitoring Scheme for FDM-type 3D Printer using Deep Learning Algorithm”, IEEE Transactions in Industrial Electronics, 2022(S)",,\N,1,5/3/2022 13:34,6/21/2022 13:17,305,\N,\N,\N,
220,"Simeon Okechukwu Ajakwe, Igboanusi Ikechi Saviour, Vivian Ukamaka Ihekoronye, Odinachi U.  Nwankwo, Mohamed Abubakar Dini, Izuazu Urslla Uchechi, Dong-Seong Kim, Jae Min Lee. &#34; Medical IoT Record Security and Blockchain: Survey of Milieu, Milestones, and Momentum&#34; IEEE Communication Surveys and Tutorials, (N8, N12, N13) (Under Review)",,\N,1,5/22/2023 10:17,5/24/2023 16:10,85,\N,\N,\N,
221,"Simeon Okechukwu Ajakwe, Cosmas Ifeanyi Nwakanma, Jae-Min Lee, Dong-Seong Kim, Key Wearable Device Technologies Parameters for Innovative Healthcare Delivery in B5G Network: A Review&#34;, IEEE Access, Vol. 10, pp. 49956-49974,  May 9, 2022, doi: 10.1109/Access.2022.3173643",,4,1,5/6/2022 10:02,5/16/2022 10:24,390,\N,\N,\N,
222,"Goodness Oluchi Anyanwu, Cosmas Ifeanyi Nwakanma, Jae-Min Lee, Dong-Seong Kim, &#34;Ensemble Random Forest-based Basic Safety Messages Falsification Detection in Internet of Vehicles.&#34;, IEEE Access (Minor Edits- Resubmit)",,\N,1,5/16/2022 9:08,6/20/2022 14:15,285,\N,\N,\N,
223,"Goodness Oluchi Anyanwu, Cosmas Ifeanyi Nwakanma, Jae-Min Lee, Dong-Seong Kim, Novel Hyper-Tuned Ensemble Random Forest Algorithm for the Detection of False Basic Safety Messages in Internet of Vehicles&#34;, ICT Express, Vol. 9, no.1, pp. 122-129,  Doi: doi.org/10.1016/j.icte.2022.06.003",,4,1,5/16/2022 10:47,3/3/2023 14:06,290,\N,\N,\N,
224,"Revin Naufal Alief, Jae Min Lee, and Dong-Seong Kim, &#34;Blockchain-based Maintenance Record for Airline Industry (Tentative)&#34;, IEEE Transactions on Industrial Informatics, 2023 - Winter Intensive (Pr)",,\N,1,12/16/2022 14:06,\N,161,\N,\N,\N,
225,"Yusuf Moallim, Jae-Min Lee and Dong-Seong Kim, &#34;CNN-LSTM Model for Short-term Residential Load Prediction Using Reinforcement Learning&#34; (Pr)",,\N,1,12/16/2022 13:01,\N,142,\N,\N,\N,
226,"Hoa Tran-Dang, Sanjay Bhardwaj, Tariq Rahim, Arslan Musaddiq and Dong-Seong Kim, &#34;Reinforcement Learning based Resource Management for Fog Computing Environment: Literature Review, Challenges, and Open Issues&#34;, Journal of Communications and Networks, vol. 24, no. 1, pp. 83-98, Feb. 2022, doi: 10.23919/JCN.2021.000041",,4,1,6/1/2022 15:20,6/1/2022 15:21,254,\N,\N,\N,
227,"Yohana Jayanti Aruan, Made Adi Paramartha Putra, Adinda Riztia Putri, Philip Tobianto Daely, Jae-Min Lee, Dong-Seong Kim, Jae-Min Lee, &#34;Backhaul Aggregator Design for Real-Time 3D Printer System&#34;, IEEE Communication Magazine (S)",,\N,1,6/2/2022 15:31,12/12/2022 10:14,235,\N,\N,\N,
228,"Vivian Ukamaka Ihekoronye, Simeon Okechukwu Ajakwe, Dong-Seong Kim, Jae Min Lee &#34;Enhanced Deep Learning Scheme Based On PANet for Real-Time Detection of Tomato Diseases&#34;.  IEEE Intelligent Systems (Under Review)",,\N,1,6/8/2022 17:17,7/26/2022 9:48,337,\N,\N,\N,
229,"Hoa Tran-Dang, Dong-Seong Kim: &#34; DCTO: Dynamic computation task offloading in fog computing systems&#34;, IEEE transaction on Distributed and Parallel (Under Review)",,\N,1,6/10/2022 16:24,12/12/2022 10:13,271,\N,\N,\N,
230,"Hoa Tran-Dang, Dong-Seong Kim:&#34; Matching theory based distributed computation offloading in IoT-Fog-Cloud Systems: Review and Open Issues&#34;, IEEE Transaction on Parallel and Distributed (Under Review)",,\N,1,6/10/2022 16:26,12/12/2022 10:11,259,\N,\N,\N,
231,"Hoa Tran-Dang, Dong-Seong Kim: &#34;Distributed Computation Offloading Approach for Heterogeneous Fog Networks&#34;, IEEE Internet of Things Journal (In progress)",,\N,1,6/10/2022 16:27,12/12/2022 10:13,268,\N,\N,\N,
232,"Gabriel Amaizu, Judith Njoku Dong-Soeng Kim &#34;Metaverse in Advanced Manufacturing: Applications and Limitations&#34; ICT Express- Submitted",,2,1,6/14/2022 15:21,\N,273,\N,\N,\N,
233,"Xuan-Qui Pham, Dong-Seong Kim et al., &#34;Partial Computation Offloading in PVEC: A Game-Theoretic Approach,&#34; IEEE Transactions Vehicular Technology, Vol. 71, no. 9, pp. 10220-10225, Sept. 2022, DOI: 10.1109/TVT.2022.3182378.",,4,1,6/17/2022 0:34,11/29/2022 10:19,277,\N,\N,\N,
234,"Thien Huynh-The, Toan-Van Nguyen, Quoc-Viet Pham, Daniel Benevides da Costa, Gi-Hyeob Kwon, Dong-Seong Kim, &#34;Efficient Convolutional Networks for Robust Automatic Modulation Classification in OFDM-Based Wireless Systems&#34;, IEEE Systems Journal, 2022, doi: 10.1109/JSYST.2022.3207377.",,4,1,10/14/2022 9:10,\N,151,\N,\N,\N,
235,"Ahmad Zainudin, Dong-Seong Kim, and Jae-Min Lee, &#34;Privacy-Enhanced Federated Learning-Based Intrusion Detection in Digital Twin-Enabled Industrial Cyber-Physical System&#34;, (Summer Intensive 2022), IEEE Transactions on Industrial Informatics (Pr)",,\N,1,6/28/2022 13:31,7/8/2022 16:36,280,\N,\N,\N,
236,"Love Allen Chijioke Ahakonye, Cosmas Ifeanyi Nwakanma, Jae-Min Lee, Dong-Seong Kim, &#34;SCADA Intrusion Detection Scheme Exploiting the fusion of Modified Decision Tree and Chi-Square Feature Selection&#34;, Internet of Things, Vol. 21, 100676, April 2023, https://doi.org/10.1016/j.iot.2022.100676",,4,1,1/3/2023 12:28,1/3/2023 14:51,112,\N,\N,\N,
237,"Xuan-Qui Pham, Dong-Seong Kim et al., &#34;Distributed Cloud Computing: Architecture, Enabling Technologies, and Open Challenges&#34; in IEEE Consumer Electronics Magazine, vol. 12, no. 3, pp. 98-106, 1 May 2023.",,4,1,7/15/2022 16:36,4/19/2023 11:28,220,\N,\N,\N,
238,"Xuan-Qui Pham, Dong-Seong Kim et al., &#34;Distributed Cloud: A Cloud Computing and Networking Convergence Perspective&#34; IEEE Communications Magazine (In-progress)",,\N,1,7/15/2022 16:43,11/29/2022 10:20,280,\N,\N,\N,
239,"Simeon Okechukwu Ajakwe, Igboanusi Ikechi Saviour, Jung-Hyeon Kim, Dong-Seong Kim, Jae Min Lee. &#34;iBANDA: Incognito Blockchain-Assisted Network for Drone Authentication and Logistics Operations&#34; IEEE Intelligent Transport System”, (N8, N12, N13) (Under Review)",,\N,1,5/22/2023 10:12,5/24/2023 16:09,84,\N,\N,\N,
240,"Gabriel Avelino Sampedro, Dong-Seong Kim, Jae Min Lee &#34;IIoT-Enabled Predictive Maintenance in Smart Additive Manufacturing Factory using 5G Communications&#34;. IEEE Internet of Things (Under Review)",,\N,1,7/21/2022 16:15,11/29/2022 10:20,277,\N,\N,\N,
241,"Gabriel Avelino Sampedro, Danielle Jaye Agron, Gabriel Amaizo, Dong-Seong Kim, Jae Min Lee &#34;Design of a In-process Quality Monitoring Scheme for FDM-type 3D Printer using Deep Learning Algorithm&#34;, Applied Sciences (Under Review)",,\N,1,7/21/2022 16:24,11/29/2022 10:18,259,\N,\N,\N,
242,"Chang Bae Moon, Byeong Man Kim, and Dong-Seong Kim  &#34;Circular-based Reference Point Extraction Method for Correcting the Alignment of Round Parts&#34; Sensors, 2022, 22, 5859, https://doi.org/10.3390/s22155859",,4,1,7/28/2022 15:37,11/28/2022 17:21,224,\N,\N,\N,
243,"Sanjay Bhardwaj, Da-Hye Kim and Dong-Seong Kim,” Federated Learning Based Resource Allocation for V2X Communication”, IEEE Transaction of Vehicular Technology, 2022(Under Review)",,\N,1,8/3/2022 17:53,9/8/2022 16:03,273,\N,\N,\N,
244,"Sanjay Bhardwaj, Da-Hye Kim and Dong-Seong Kim,” C-DRN Based Modulation Classification for Beyond 5G in Multipath Fading Channels”, IEEE Transction of Vehicular Technology, 2022(Under Review)",,\N,1,8/3/2022 17:57,8/3/2022 18:05,260,\N,\N,\N,
245,"Sanjay Bhardwaj, and Dong-Seong Kim,” Deep Q-Learning Based SCMA for URLLC in Industrial Wireless Networks”,  Telecommunication Systems (TELS), 2022(Under Review)",,\N,1,8/3/2022 18:00,8/24/2022 14:40,277,\N,\N,\N,
246,"Gabriel Avelino Sampedro, Danielle Jaye S. Agron, Gabriel Chukwunonso Amaizu, Dong-Seong Kim, Jae-Min Lee, &#34;Design of an In-Process Quality Monitoring Strategy for FDM-Type 3D Printer Using Deep Learning&#34;, Applied Sciences, August 31, 2022, Link: https://www.mdpi.com/2076-3417/12/17/8753, doi: 10.3390/app12178753",,4,1,9/9/2022 0:03,9/19/2022 17:27,232,\N,\N,\N,
247,"Vivian Ukamaka Ihekoronye, Simeon Okechukwu Ajakwe, Dong-Seong Kim, Jae Min Lee &#34;RF-RSCV: Robust Security Framework Against Intrusions in Internet of Drone Communication Networks&#34; Journal of Communications and Networks (Submitted)",,3,1,10/11/2022 17:26,10/14/2022 9:01,163,\N,\N,\N,
248,"Judith Nkechinyere Njoku, Ebuka Chinaechetam Nkoro, Robin Matthew Medina, Cosmas Ifeanyi Nwakanma, Jae-Min Lee, Dong-Seong Kim &#34; Systematic Review of Digital Twin Applicability to Battery Management System: Case Study Approach&#34;, IEEE Transactions on intelligent Transportation Systems (Under Review)",,\N,1,1/3/2023 12:16,4/13/2023 11:58,80,\N,\N,\N,
249,"Judith Nkechinyere Njoku, Cosmas Ifeanyi Nwakanma, Gabriel Chukwunonso Amaizu, and Dong-Seong Kim, Prospects and challenges of Metaverse application in data-driven intelligent transportation systems. IET Intell. Transp. Syst. 17, 1&#8211; 21 (2023). https://doi.org/10.1049/itr2.12252",,\N,1,1/3/2023 12:21,10/30/2023 9:13,97,\N,\N,\N,
250,"Goodness Oluchi Anyanwu, Jae Min Lee and Dong-Seong Kim, &#34;Seoul-Simu: A Dataset for Evaluating Vehicular Traffic Misbehavior in an Asian Vehicular Traffic Scenario.&#34; - (Pr)",,\N,1,1/3/2023 14:26,\N,103,\N,\N,\N,
251,"Love Allen Chijioke Ahakonye, Amaizu Gabriel Chukwunonso, Cosmas Ifeanyi Nwakanma, Jae Min Lee, Dong-Seong Kim, Classification and Characterization of Encoded Traffic in SCADA Network using Hybrid Deep Learning Scheme. Journal of Communications and Networks (JCN) (Awaiting Publication)",,\N,1,1/3/2023 14:40,10/30/2023 9:14,96,\N,\N,\N,
252,"Goodness Oluchi Anyanwu, Cosmas Ifeanyi Nwakanma, Jae-Min Lee, Dong-Seong Kim, &#34;RBF-SVM Kernel-based Model for Detecting DDoS Attacks in SDN Integrated Vehicular Network&#34;, Ad Hoc Networks, Vol. 140, No. 8, March 2023, 103026, https://doi.org/10.1016/j.adhoc.2022.103026",,4,1,1/3/2023 14:44,1/10/2023 11:15,93,\N,\N,\N,
253,"Xuan-Qui Pham, Dong-Seong Kim et al., &#34;Joint Partial Offloading and Resource Allocation for PVMEC&#34; IEEE Transactions on Emerging Topics in Computing (Under Review)",,\N,1,11/12/2022 20:59,11/29/2022 10:18,121,\N,\N,\N,
254,"Thien Huynh-The, Quoc-Viet Pham, Xuan-Qui Pham, Thanh Thi Nguyen, Dong-Seong Kim, &#34;Artificial Intelligence for the Metaverse&#34;, Engineering Applications of Artificial Intelligence, 2023, Vol. 117, Part A, 105581, https://doi.org/10.1016/j.engappai.2022.105581",,4,1,11/24/2022 17:25,11/24/2022 17:25,113,\N,\N,\N,
255,"Made Adi Paramartha Putra, Adinda Riztia Putri, Ahmad Zainudin, Dong-Seong Kim, Jae-Min Lee, &#34;ACS: Accuracy-Based Client Selection Mechanism for Federated Industrial IoT&#34;, Internet of Things, Vol. 21, 100657, April 2023, DOI: https://doi.org/10.1016/j.iot.2022.100657",,4,1,1/3/2023 12:50,1/3/2023 21:47,107,\N,\N,\N,
256,"Ebuka Chinaechetam Nkoro, Judith Nkechinyere Njoku, Cosmas Ifeanyi Nwakanma, Jae-Min Lee, and Dong-Seong Kim, Anonymous Network Traffic Detection and Classification in the metaverse using Machine Learning. - Winter Intensive - (Pr)",,\N,1,11/29/2022 10:13,10/31/2023 9:56,107,\N,\N,\N,
257,Judith Nkechinyere Njoku: Text-based Hate Speech Detection for Metaverse Applications using Deep Learning. - Winter Intensive - (Pr),,\N,1,11/29/2022 10:48,\N,102,\N,\N,\N,
258,"Md Javed Ahmed Shanto, Esmot Ara Tuli,  Dong-Seong Kim, and Taesoo Jun &#34;Deep Learning-Based Backlog Product Prediction for Metaverse Embedded Manufacturing Execution System&#34;(Tentative) Winter Intensive 2023",,\N,1,1/3/2023 17:31,\N,96,\N,\N,\N,
259,"Etobi Damian Tita, Jae-Min Lee and Dong-Seong Kim,&#34;Blockchain Layer 2 Zero-Knowledge proofs: Perspectives and Challenges&#34;, IEEE Access, 2023-Winter Intensive",,\N,1,12/5/2022 15:23,12/12/2022 19:21,148,\N,\N,\N,
260,"Won Jae Ryu, Jae Woo Kim, and Dong-Seong Kim, &#34;Resource Allocation in Downlink VLC-NOMA Systems for Factory Automation Scenario,&#34; Sensors, Vol.22, No. 23, Dec 2022 (IF:3.847)",,4,1,12/5/2022 15:42,12/5/2022 15:44,96,\N,\N,\N,
261,"Esmot Ara Tuli, Mohtasin Golam, Rubina Akter,  Jae-Min Lee, Dong-Seong Kim, &#34;A Survey on Quantum Machine Learning Toward Future Technologies: Metaverse, Blockchain, Security, and Internet of Everything&#34;, Target: IEEE Communications Surveys & Tutorials, 2023 Winter Intensive(Pr)",,1,1,1/3/2023 15:05,\N,83,\N,\N,\N,
262,"Vivian Ukamaka Ihekoronye, Simeon Okechukwu Ajakwe, Cosmas Ifeanyi Nwakama, Dong-Seong Kim, Jae Min Lee &#34;Federated Learning-Based Intelligent Intrusion Detection Framework for Edge-Assisted UAV Network&#34; 2023 Winter Intensive; IEEE Access (Tentative)",,\N,1,12/12/2022 17:45,12/22/2022 16:59,127,\N,\N,\N,
263,"Vivian Ukamaka Ihekoronye, Simeon Okechukwu Ajakwe, Dong-Seong Kim, Jae Min Lee &#34;Vision-Based Framework for Aerial Recognition of Drones and Birds in Ground-to-Air Networks&#34; Computer Vision and Image Understanding Journal (S)",,\N,1,12/8/2022 13:06,12/12/2022 10:06,92,\N,\N,\N,
264,"Md Javed Ahmed Shanto, Esmot Ara Tuli, Love Allen Chijioke Ahakonye, Ahmad Zainudin, Jae-Min Lee, Dong-Seong Kim, and Taesoo Jun&#34;Metaverse Embeded Inventory Management Solution for Manufacturing Execution System&#34;.(Tentative) Winter Intensive",,\N,1,12/9/2022 18:30,12/9/2022 18:36,137,\N,\N,\N,
265,"Simeon Okechukwu Ajakwe, Vivian Ukamaka Ihekoronye, Dong-Seong Kim, Jae Min Lee &#34;Synergic Multi-modal  Malicious Drone Surveillance in Data-Centric Drone Transportation Network&#34; IEEE Transaction on Vehicular Technology Journal (Processing)",,\N,1,12/12/2022 16:59,\N,126,\N,\N,\N,
266,"Izuazu urslla uchechi, Nwakanma Cosmas , Ajakwe Simeon Dong-Seong Kim, Jae-Min Lee &#34;Multimodal Fusion-Based Model for hand Gesture Recognition in Robotic &#34;, IEEE Access, 2023-Winter Intensive",,\N,1,12/12/2022 16:59,\N,130,\N,\N,\N,
267,"Muhammad Rasyid Redha Ansori, Jae Min Lee, and Dong-Seong Kim, &#34;NFT-based Audio Copyright Protection Framework (Tentative)&#34;, IEEE Transactions on Industrial Informatics, 2023 - Winter Intensive (Pr)",,\N,1,12/13/2022 13:21,12/16/2022 12:29,164,\N,\N,\N,
268,"Ali Aouto, Jae-Min Lee and Dong-Seong Kim, &#34;SortNet: Multivariate Energy Consumption Prediction Using Deep Learning For Smart Grids&#34; (Pr)",,\N,1,12/13/2022 14:14,12/16/2022 12:29,131,\N,\N,\N,
269,"Mark Verana, Made Adi Paramartha Putra, Dong-Seong Kim, Jae-Min Lee, &#34;Real-time 3D Printing Anomaly Detection using Edge AI&#34;",,\N,1,12/14/2022 17:54,12/16/2022 12:54,133,\N,\N,\N,
270,"Robin Matthew Medina, Critical Features for Audio-Based Hate Speech Detection in the Metaverse - Winter Intensive (Pr)",,\N,1,12/16/2022 11:58,\N,142,\N,\N,\N,
271,"Ahmad Zainudin, Revin Naufal Alief, Made Adi Paramartha Putra, Rubina Akter, Dong-Seong Kim, and Jae-Min Lee,&#34;Blockchain-Empowered Distributed Aggregation for Secure and Efficient Federated Transfer Learning Intrusion Classification in IIoT Networks&#34;, IEEE Internet of Things Journal,2023 - Winter Intensive(Pr)",,1,1,1/3/2023 15:56,2/11/2023 6:54,95,\N,\N,\N,
272,"Syifa Maliah Rachmawati, Made Adi Paramartha Putra, Jae Min Lee, and Dong-Seong Kim, Digital Twin-Enabled 3D Printer Fault Detection for Smart Additive Manufacturing,  Engineering Applications of Artificial Intelligence, Volume 124, September 2023, 106430, https://doi.org/10.1016/j.engappai.2023.106430",,4,1,1/3/2023 13:19,6/20/2023 13:44,99,\N,\N,\N,
273,"Goodness Oluchi Anyanwu, Cosmas Ifeanyi Nwakanma, Jae-Min Lee, Dong-Seong Kim, &#34;Falsification Detection System for IoV using Randomized Search Optimization Ensemble Algorithm&#34;, IEEE Transactions on Intelligent Transport Systems, Vol. 24, no. 4, pp. 4158-4172, April 2023. Link: https://ieeexplore.ieee.org/document/10012276, doi: 10.1109/TITS.2022.3233536",,4,1,1/3/2023 14:42,4/27/2023 15:21,97,\N,\N,\N,
274,"Mark Verana, Made Adi Paramartha Putra, Dong-Seong Kim, Jae Min Lee, &#34;Real-time 3D Printing Anomaly Detection using Edge AI&#34; (R)",,\N,1,1/24/2023 19:29,7/19/2023 10:53,100,\N,\N,\N,
275,"Love Allen Chijioke Ahakonye, Cosmas Ifeanyi Nwakanma, Jae-Min Lee, Dong-Seong Kim, &#34;Agnostic CH-DT Technique for SCADA Network High-Dimensional Data-Aware Intrusion Detection System, IEEE Internet of Things Journal, vol. 10, no. 12, pp. 10344-10356, June 15, 2023, 10.1109/JIOT.2023.3237797",,4,1,1/3/2023 12:29,6/13/2023 11:42,113,\N,\N,\N,
276,"Love Allen Chijioke Ahakonye, Cosmas Ifeanyi Nwakanma, Jae-Min Lee, Dong-Seong Kim, Trees Bootstrap Aggregation for Detection and Characterization of IoT-SCADA Network Traffic, IEEE Industrial Informatics (A)",,4,1,1/3/2023 12:30,11/13/2023 14:17,97,\N,\N,\N,
277,"Love Allen Chijioke Ahakonye, Cosmas Ifeanyi Nwakanma, Jae-Min Lee, Dong-Seong Kim, &#34;A Contemporary Survey of SCADA Intrusion Detection Frameworks: Approaches, Challenges, and Open Issues&#34;, IEEE Survey and Tutorials (R)",,\N,1,1/3/2023 12:31,3/3/2023 16:56,93,\N,\N,\N,
278,"Made Adi Paramartha Putra, Ade Pitra Hermawan, Cosmas Ifeanyi Nwakanma, Dong-Seong Kim, Jae-Min Lee, &#34;FDPR: A Novel Fog Data Prediction and Recovery using Efficient DL in IoT Networks&#34;, IEEE Internet of Things Journal, vol. 10, no. 19, pp. 16895-16906, October 2023, doi: 10.1109/JIOT.2023.3271026",,4,1,1/4/2023 23:36,10/19/2023 14:42,98,\N,\N,\N,
279,"Vivian Ukamaka Ihekoronye, Cosmas Ifeanyi Nwakanma, Simeon Okechukwu Ajakwe, Dong-Seong Kim, Jae Min Lee &#34;Federated Learning-Based Intelligent Intrusion Detection Framework for Edge-Assisted UAV Network&#34; Winter Intensive 2023",,\N,1,1/5/2023 11:52,\N,95,\N,\N,\N,
280,"Vivian Ukamaka Ihekoronye,  Simeon Okechukwu Ajakwe, Dong-Seong Kim, Jae Min Lee &#34;RF-RSCV: Robust Security Framework Against Intrusions in Internet of Drone Communication Networks &#34;  Journal of Communications and Networks (Under review)",,3,1,1/5/2023 11:54,1/6/2023 12:05,76,\N,\N,\N,
281,"Vivian Ukamaka Ihekoronye, Simeon Okechukwu, Dong-Seong Kim, Jae Min Lee &#34;Enhanced Deep Learning Scheme Based On PANet for Real-Time Detection of Tomato Diseases&#34;  IEEE Intelligent Systems (Under review)",,\N,1,1/5/2023 11:57,\N,101,\N,\N,\N,
282,"Vivian Ukamaka Ihekoronye, Simeon Okechukwu Ajakwe, Dong-Seong Kim, Jae Min Lee &#34;Efficient Intrusion Detection Model for Securing the Communication Links of Internet of Drone Network&#34; IEEE Internet of Things (Under review)",,3,1,1/5/2023 12:00,1/6/2023 12:04,87,\N,\N,\N,
283,"Mohtasin Golam, Esmot Ara Tuli, Revin Naufal, Dong-Seong Kim, and Jae-Min Lee, &#34;Meta-Learning: A Secure Distance Learning Approach Based on the Metaverse Platform Using Blockchain Technology&#34;, IEEE Transactions on Learning Technology. (Reject with New Submission Allowed)",,\N,1,1/9/2023 15:52,3/6/2023 19:44,105,\N,\N,\N,
284,"Vivian Ukamaka Ihekoronye, Simeon Okechukwu Ajakwe, Cosmas Ifeanyi Nwakanma, Dong-Seong Kim, Jae Min Lee &#34;Vision-Based Framework for Aerial Recognition of Drones and Birds in Ground-to-Air Networks&#34; Elsevier IoT (Under Review)",,\N,1,1/23/2023 12:44,\N,86,\N,\N,\N,
285,"Love Allen Chijioke Ahakonye, Cosmas Ifeanyi Nwakanma, Jae-Min Lee, Dong-Seong Kim, &#34;Low Computational Cost Convolutional Neural Network for Smart Grid Frequency Stability Prediction&#34;, Elsevier Internet of Things (Accepted with Minor Edits)",,\N,1,1/16/2023 17:44,10/30/2023 9:12,101,\N,\N,\N,
286,"Simeon Okechukwu Ajakwe, Vivian Ukamaka Ihekoronye, Dong-Seong Kim, and Jae-Min Lee. 2023. &#34;ALIEN: Assisted Learning Invasive Encroachment Neutralization for Secured Drone Transportation System&#34; Sensors 23, no. 3: 1233. https://doi.org/10.3390/s23031233",,4,1,1/30/2023 13:21,4/28/2023 13:45,79,\N,\N,\N,
287,"Simeon Okechukwu Ajakwe, Vivian Ukamaka Ihekoronye, Dong-Seong Kim, Jae Min Lee &#34;Synergic Multimodal Malicious Drone Surveillance in Data-Centric Drone Transportation Network&#34; IEEE ITS (Rejected but to Resubmit)",,2,1,1/30/2023 13:26,4/13/2023 11:59,60,\N,\N,\N,
288,"Muhammad Rasyid Redha Ansori, Allwinnaldo, Revin Naufal Alief, Ikechi Saviour Igboanusi, Jae Min Lee, Dong-Seong Kim, &#34;HADES: Hash-based Audio Copy Detection System for Copyright Protection in Decentralized Music Sharing,&#34; in IEEE Transactions on Network and Service Management, doi: 10.1109/TNSM.2023.3241610.",,4,1,1/31/2023 14:29,2/3/2023 17:54,97,\N,\N,\N,
289,"Simeon Okechukwu Ajakwe, Dong Seong Kim, Jae Min Lee, “Drone Transportation System: Systematic Review of Security Dynamics for Smart Mobility”. IEEE Internet of Things Journal, vol. 10, no. 16, pp. 14462-14482, August 15, 2023,  doi: 10.1109/JIOT.2023.3266843(N8 and N12)",,4,1,2/7/2023 9:03,11/13/2023 14:14,91,\N,\N,\N,
290,"Simeon Okechukwu Ajakwe,  Ajakwe Ihunanya Udodiri, Dong Seong Kim, Taesoo JUn, Jae Min Lee, “CIS-WQMS: Connected Intelligence Smart Water Quality Monitoring Scheme”. Internet of Things Elsevier, https://doi.org/10.1016/j.iot.2023.100800",,4,1,2/7/2023 9:10,5/22/2023 10:04,108,\N,\N,\N,
291,"Paul Michael Custodio, Simeon Okechukwu Ajakwe , Jae Min Lee , Dong-Seong Kim &#34; Intelligent Net-Metering Energy Prediction utilizing Optimized LSTM Neural Network Model&#34; IEEE Transaction on Smart Grid (Processing)",,\N,1,3/6/2023 13:55,4/13/2023 11:49,81,\N,\N,\N,
292,"Nwankwo Odinachi Udemezuo,  Shin Hee Jae, Ansori Mohammad Rasyid,  Kim Young Won, Lee Jae-Hyun,  Kim Dong-Seong,  Lee Jae-Min &#34;Blockchain Private Key Storage  System using Nano IoT&#34; (Rejected)",,\N,1,3/6/2023 17:29,5/25/2023 17:43,91,\N,\N,\N,
293,"Vivian Ukamaka Ihekoronye, Cosmas Ifeanyi Nwakanma, Dong-Seong Kim, Jae Min Lee &#34;Federated Learning-Based Intelligent Intrusion Detection Framework for Edge-Assisted UAV Network&#34;. IEEE Access (Rejected)",,\N,1,3/10/2023 13:58,5/22/2023 8:43,90,\N,\N,\N,
294,"Ahmad Zainudin, Made Adi Paramartha Putra, Dong-Seong Kim, Jae-Min Lee,&#34;Federated Learning-Assisted Human Activity Recognition for Interactive Avatar in Metaverse&#34;,IEEE Journal on Selected Areas in Communications,2023 (Rejected)",,\N,1,3/15/2023 9:22,6/19/2023 5:13,94,\N,\N,\N,
295,"Love Allen Chijioke Ahakonye, Ahmad Zainudin, Md Javed Ahmed Shanto, Jae-Min Lee, Dong-Seong Kim, Taesoo Jun, &#34;A Multi-MLP Prediction for Inventory Management in Manufacturing Execution System&#34;, Elsevier IoT (In-Revision)",,\N,1,3/27/2023 9:06,3/27/2023 9:09,85,\N,\N,\N,
296,"Sanjay Bhardwaj, Da-Hye Kim and Dong-Seong Kim,” Backscatter-Enabled CR-NOMA Based Cooperative V2X Communication with Imperfect CSI”, Vehicular Communications, volume:42, pages:100611, 2023: https://doi.org/10.1016/j.vehcom.2023.100611",,\N,1,4/16/2023 16:02,11/13/2023 17:08,104,\N,\N,\N,
297,"Ahmad Zainudin, Made Adi Paramartha Putra, Revin Naufal Alief, Jae-Min Lee, Dong-Seong Kim,&#34;Blockchain-Empowered Federated Human Activity Recognition for Creating Interactive Avatar in Metaverse Platform&#34;, IEEE Network, 2023 (Rejected)",,\N,1,6/26/2023 19:35,9/3/2023 14:58,67,\N,\N,\N,
298,"Sanjay Bhardwaj, Da-Hye Kim and Dong-Seong Kim,” Dragonfly Interaction Algorithm for Optimization of Queuing Delay in Industrial Wireless Networks”, Bionic Engineering, 2023 Accepted",,\N,1,12/4/2023 13:42,\N,4,\N,\N,\N,
299,"Gabriel Avelino R. Sampedro, Syifa Maliah Rachmawati, Dong-Seong Kim, and Jae-Min Lee, &#34;Exploring Machine Learning-Based Fault Monitoring for Polymer-Based Additive Manufacturing: Challenges and Opportunities&#34;, Sensors, Vol. 22, no. 23, 9446, 2022, doi: https://doi.org/10.3390/s22239446",,4,1,5/24/2023 16:19,\N,54,\N,\N,\N,
300,"Sanjay Bhardwaj, Dong-Seong Kim,” Deep Q-Learning Based Sparse Code Multiple Access for Ultra Reliable Low Latency Communication in Industrial Wireless Networks”, Telecommunication Systems, volume:83, number:4, pages:409&#8211;421, Aug-2023: DOI: 10.1007/s11235-023-01034-0",,\N,1,5/26/2023 9:10,11/13/2023 17:05,85,\N,\N,\N,
301,"Love Allen Chijioke Ahakonye, Cosmas Ifeanyi Nwakanma, Jae-Min Lee, Dong-Seong Kim, &#34;Machine Learning Explainability for Intrusion Detection in the Industrial Internet of Things&#34;, IEEE Internet of Things Magazine (Accepted with Minor Edits)",,4,1,6/14/2023 9:08,11/13/2023 14:17,85,\N,\N,\N,
302,"Made Adi Paramartha Putra, Ahmad Zainudin, Revin Naufal Alief, Dong-Seong Kim, and Jae-Min Lee, &#34;TSFed: A Three-Stage Optimization Mechanism for Secure and Efficient Federated Learning in Industrial IoT Networks&#34;, IEEE TII, 2023 - Winter Intensive (S)",,2,1,7/7/2023 18:12,\N,42,\N,\N,\N,
303,"Goodness Oluchi Anyanwu, Cosmas Ifeanyi Nwakanma, Jae-Min Lee, Dong-Seong Kim, Optimization of RBF-SVM Kernel Using Grid Search Algorithm for DDoS Attack Detection in SDN-Based VANET,&#34; in IEEE Internet of Things Journal, vol. 10, no. 10, pp. 8477-8490, 15 May15, 2023, doi: 10.1109/JIOT.2022.3199712.",,4,1,7/26/2023 15:37,7/26/2023 17:04,40,\N,\N,\N,
304,"Ahmad Zainudin, Rubina Akter, Dong-Seong Kim, and Jae-Min Lee,&#34;Federated Learning Inspired Low-Complexity Intrusion Detection and Classification Technique for SDN-based Industrial CPS&#34;, IEEE Transactions on Network and Service Management, Vol. 20, No. 3, pp. 2442-2459, September 2023, DOI: 10.1109/TNSM.2023.3299606",,4,1,7/29/2023 21:34,11/13/2023 15:48,70,\N,\N,\N,
305,"Ahmad Zainudin, Made Adi Paramartha Putra, Revin Naufal Alief, Rubina Akter, Dong-Seong Kim, and Jae-Min Lee,&#34;Blockchain-Inspired Collaborative Cyber-Attacks Detection for Securing Metaverse&#34;, IEEE Internet of Things Journal, 2023, Summer Intensive (Under Review)",,2,1,9/8/2023 17:41,10/16/2023 18:00,29,\N,\N,\N,
306,"Hoa Tran-Dang, Dong-Seong Kim:&#34; Bandit Learning based Distributed Computation Offloading in Fog Computing Networks: A survey&#34;,  IEEE Access (Accepted)",,4,1,9/12/2023 17:02,9/12/2023 17:03,31,\N,\N,\N,
307,"Made Adi Paramartha Putra, Ahmad Zainudin, Revin Naufal Alief, Dong-Seong Kim, Jae-Min Lee,&#34;PureFed: An Efficient Collaborative and Trustworthy Blockchain-Assisted Federated Learning Framework&#34;, IEEE Internet of Things Journal (Under Review)",,\N,1,10/1/2023 19:38,\N,31,\N,\N,\N,
308,"Ebuka Chinaechetam Nkoro, Judith Nkechinyere Njoku, Cosmas Ifeanyi Nwakanma, Jae-Min Lee, and Dong-Seong Kim, XAI with Adversarial Defence for Zero-Trust Metaverse DDoS Attack Detection (Under Review. IEEE Transactions on Dependable and Secure Computing)",,\N,1,10/2/2023 18:37,10/31/2023 9:55,37,\N,\N,\N,
309,"Ahmad Zainudin, Made Adi Paramartha Putra, Dong-Seong Kim, and Jae-Min Lee,&#34;Collaborative Edge Learning-Assisted Interactive Avatar Generation for Metaverse in B5G Networks&#34;, IEEE Internet of Things Journal, 2023 (Under Review)",,2,1,10/16/2023 17:56,10/16/2023 18:01,26,\N,\N,\N,
310,"Sanjay Bhardwaj, Da-Hye Kim and Dong-Seong Kim,” Federated Learning Based Resource Allocation for V2X Communications”, Transactions on Intelligent Transportation Systems, 2023, Revision",,\N,1,11/3/2023 9:50,\N,20,\N,\N,\N,
311,"Gifar Arif Haryadi, Allwinnaldo, Muhammad Rasyid Redha Ansori, Jae Min Lee, Dong-Seong Kim,&#34;PureRx: An NFT-Prescription Management for Efficient and Secure Healthcare System&#34;, IEEE Transactions on Big Data Journal, 2023 (Under Review)",,\N,1,10/25/2023 14:30,\N,33,\N,\N,\N,
312,"Paul Michael Custodio, Made Adi Paramartha Putra, Jae-Min Lee, and Dong-Seong Kim, &#34;TLFed: Secure Smart Grid Transmission Line Fault Detection and Classification using Federated Learning&#34;, IEEE Transactions on Power Delivery, 2023 (Under Review)",,\N,1,10/28/2023 18:57,\N,23,\N,\N,\N,
313,Droneilliance and detection dynamics: A review of radar techniques and trends,,\N,1,11/7/2023 17:09,11/13/2023 15:45,13,\N,\N,\N,
314,"Rubina Akter, Mohtasin Golam, Van-Sang Doang, Jae-Min Lee and Dong-Seong Kim, &#34;IoMT-Net: Blockchain Integrated Unauthorized UAV Localization Using Lightweight Convolution Neural Network for Internet of Military Things&#34;, IEEE Internet Things of Journal, Vol. 10, no. 8, pp. 6634-6651, April 15, 2023, doi: 10.1109/JIOT.2022.3176310",,4,1,11/13/2023 15:41,\N,7,\N,\N,\N,
